# Blender 4.3.2
# www.blender.org
o model
v -0.570392 1.112022 -0.073013
v -0.440770 1.036756 -0.494751
v -0.440908 0.572006 -0.171775
v -0.455760 1.215940 0.404597
v -0.379390 0.423232 -0.158087
v -0.476296 1.357000 0.253650
v -0.319811 0.916678 -0.544857
v -0.372575 1.578984 -0.475587
v -0.449891 1.481977 0.226466
v -0.373202 1.697266 -0.273974
v -0.440790 1.351753 0.410107
v -0.233218 0.918524 -0.601455
v -0.241224 1.136369 -0.625251
v -0.390002 1.729008 -0.079856
v -0.403999 0.833976 0.441400
v -0.364363 1.013277 0.458356
v -0.324816 1.610615 -0.477603
v -0.264167 0.574952 -0.426709
v -0.118571 1.380717 -0.676793
v -0.341602 1.021266 0.500786
v -0.266417 1.787960 -0.276919
v -0.302742 0.253422 0.245813
v -0.267230 1.772527 0.252526
v -0.306573 0.074400 -0.005399
v -0.247181 1.582766 -0.577372
v -0.277730 0.701575 0.508410
v -0.001451 0.653515 -0.572015
v -0.344163 0.207970 0.166436
v -0.309551 0.565872 0.491435
v -0.269458 0.240351 0.427689
v -0.256224 0.069704 -0.066972
v -0.002809 1.864079 -0.233727
v -0.256464 0.682930 0.529266
v -0.296833 0.044589 0.250208
v -0.198385 1.002238 0.547368
v -0.140271 0.882447 0.564674
v -0.545559 1.104884 0.111612
v -0.103773 0.050880 -0.191973
v 0.130165 1.873252 -0.086302
v -0.124544 0.730358 0.565757
v -0.287679 0.542006 0.543022
v -0.198307 0.185765 0.499333
v -0.119029 1.385202 0.563352
v -0.322120 1.157348 0.635585
v -0.236577 0.437191 0.535945
v -0.000736 1.674061 0.455761
v -0.117011 0.862432 0.630942
v -0.213856 0.370344 0.554777
v -0.066202 0.910273 0.631091
v -0.088231 0.424254 0.581379
v -0.528287 0.887785 -0.021084
v -0.459154 1.289563 -0.501325
v -0.519267 0.889958 -0.282808
v -0.163954 1.330245 0.550243
v -0.188527 1.047968 0.608727
v -0.127068 1.106518 0.617879
v -0.553572 1.362565 -0.176342
v -0.091996 1.239641 0.558633
v -0.091996 1.239409 0.558633
v -0.092112 1.238714 0.559560
v -0.100416 1.196518 0.604129
v -0.086818 1.232328 0.562134
v -0.195421 1.220542 0.647671
v -0.117935 1.264757 0.585548
v -0.207731 1.266883 0.630013
v -0.110308 1.280180 0.558808
v -0.287949 1.198487 0.652561
v -0.223504 1.130605 0.649195
v -0.535750 1.000134 0.109475
v -0.091301 1.240336 0.558865
v -0.104397 1.119054 0.600451
v -0.496279 0.782707 -0.233922
v -0.566022 1.374975 -0.090056
v -0.243490 1.065290 0.625124
v 0.262459 1.479804 -0.604822
v -0.101705 0.072076 0.422613
v -0.552638 1.121794 -0.313182
v -0.554680 1.324883 -0.308580
v 0.239730 1.639362 -0.521548
v -0.126991 0.567914 0.611549
v 0.203124 0.065031 -0.135337
v -0.043658 0.044419 0.459082
v 0.342235 1.396154 -0.578900
v 0.223572 1.606409 0.452261
v 0.251701 1.717295 0.316040
v -0.068965 0.197230 0.615744
v 0.020048 0.687455 0.606914
v 0.217396 1.416746 0.526024
v 0.039884 1.175202 0.562568
v -0.038979 0.852773 0.714945
v 0.392532 0.630293 -0.318295
v -0.532270 0.988250 -0.310900
v 0.001514 0.730114 0.566261
v 0.096725 0.121261 0.440853
v 0.116276 1.291182 0.557339
v 0.341616 0.082944 0.191708
v 0.420108 1.660809 -0.263831
v 0.108963 0.068265 0.419398
v 0.042316 0.593932 0.645340
v 0.407990 1.646222 0.136618
v 0.081588 0.423034 0.582882
v 0.339116 0.237438 -0.075136
v 0.342269 1.651158 0.316067
v 0.356555 0.334871 -0.117767
v -0.475607 0.704039 -0.200859
v 0.316174 0.124718 -0.022860
v 0.524744 0.938239 -0.304563
v -0.001021 0.499366 0.639123
v 0.061986 0.550001 0.601235
v 0.173496 0.548781 0.588901
v 0.150143 0.525749 0.586093
v 0.054406 0.500240 0.629191
v 0.115964 0.793221 0.635096
v 0.131436 0.744390 0.552223
v 0.099162 1.118564 0.596413
v 0.243703 0.160836 0.356952
v 0.270940 0.246837 0.428991
v 0.303626 0.249760 0.257932
v 0.194295 0.724198 0.534552
v 0.113741 1.049553 0.553435
v 0.439218 1.349994 0.411320
v 0.345633 0.309272 0.184366
v 0.404254 0.405525 0.142296
v 0.562447 1.376872 -0.100368
v 0.343754 1.317465 0.477510
v 0.275623 0.503112 0.511923
v 0.525263 0.849511 0.107968
v 0.230404 0.996549 0.547813
v 0.407832 1.093730 0.437610
v 0.365490 1.038267 0.478601
v 0.319174 1.004324 0.503637
v 0.365005 1.112826 0.597992
v 0.408895 1.173472 0.538440
v 0.345892 0.990377 0.467421
v -0.523260 0.829421 0.110211
v 0.333801 1.051669 0.582483
v 0.385787 1.072678 0.521461
v 0.267086 0.996489 0.532241
v 0.261633 0.962576 0.505592
v 0.391366 1.248536 0.529178
v 0.504763 0.772711 0.118828
v 0.358740 0.667141 0.417564
v 0.417902 0.762678 0.401945
v 0.439286 0.847153 0.411508
v 0.454170 0.899046 0.374859
v 0.392740 0.661554 0.389268
v 0.289444 0.719494 0.505099
v 0.372810 0.587453 0.406618
v 0.445907 0.876669 0.420227
v 0.456584 0.993644 0.412581
v 0.358685 0.532897 0.380222
v 0.350597 0.778972 0.469445
v 0.511489 1.283895 0.226716
v 0.493035 1.141970 0.302481
v 0.524614 1.327106 0.236007
v 0.507225 1.195500 0.293831
v 0.514723 1.358246 0.178129
v 0.305843 0.565623 0.496152
v 0.305635 0.601395 0.484915
v 0.273360 1.027609 0.590737
v 0.507724 1.340230 0.236470
v 0.481052 0.729576 0.140630
v 0.295027 1.070801 0.617794
v -0.508368 1.213674 0.260732
v 0.474299 0.680910 0.139306
v 0.377274 1.207772 0.588752
v 0.464289 1.127812 0.405179
v 0.558601 1.115834 0.011076
v 0.193788 1.221488 0.655186
v 0.410518 1.205469 0.439148
v 0.487107 1.222523 0.293340
v -0.506078 1.385729 0.132023
v 0.294264 1.177219 0.646725
v 0.451582 1.242710 0.405492
v 0.474091 1.367339 0.250311
v 0.544667 1.100351 0.110260
v 0.256771 1.231375 0.648365
v 0.388349 1.264725 0.452711
v 0.313913 0.597091 0.519774
v 0.505452 1.384160 0.133833
v 0.175574 1.010356 0.548856
v 0.558728 1.374731 -0.062104
v 0.473868 1.454219 0.214580
v 0.277832 0.700998 0.508240
v 0.176879 1.051938 0.608236
v 0.195163 1.096063 0.637261
v 0.458611 0.601451 0.136851
v 0.570690 1.106746 -0.074934
v -0.425518 0.901720 -0.473867
v 0.169187 0.986719 0.531485
v 0.319447 1.254963 0.609304
v 0.429769 0.520796 0.142057
v 0.142813 1.165504 0.634165
v 0.336988 1.303775 0.554593
v 0.562824 1.240629 -0.131830
v 0.520752 1.475231 -0.040213
v 0.307942 0.345844 0.451154
v 0.230939 0.430920 0.536992
v 0.165277 1.261483 0.627875
v 0.440504 0.602875 -0.078979
v 0.333609 0.458349 0.437602
v 0.432918 1.547408 0.211603
v 0.373536 0.401724 -0.013683
v 0.137922 0.882200 0.565577
v 0.141199 0.890869 0.543015
v 0.095723 0.920127 0.567629
v 0.114933 0.862204 0.630588
v 0.082151 0.927176 0.568329
v 0.284431 1.346299 0.507377
v 0.498238 1.555775 -0.074588
v 0.286415 0.540284 0.543443
v 0.066177 0.911430 0.627903
v 0.084003 0.927037 0.578214
v 0.084003 0.927037 0.578098
v 0.084699 0.926921 0.577403
v 0.444897 1.336460 0.371341
v 0.371583 0.330996 0.146764
v 0.205671 0.322739 0.547939
v -0.434637 0.575145 -0.066956
v 0.083192 0.926805 0.578909
v 0.469960 1.610278 -0.068771
v 0.138657 0.850166 0.555351
v 0.059709 0.909218 0.615931
v -0.522157 1.456328 -0.314357
v 0.246985 0.285135 0.490394
v 0.247439 0.282750 0.502024
v 0.039204 0.878783 0.676724
v 0.239391 1.282958 0.624618
v 0.300300 0.250425 0.249874
v 0.068377 1.002235 0.563995
v 0.428596 1.586416 0.197306
v -0.503645 1.547546 -0.072972
v 0.371942 1.364863 0.452550
v 0.554167 1.312516 -0.309508
v 0.252505 0.187955 0.316249
v 0.084916 0.854628 0.661975
v 0.413767 1.597231 0.275295
v 0.550593 1.108226 -0.314222
v 0.343373 0.202314 0.167715
v 0.417128 1.475145 0.381115
v 0.442588 0.577022 -0.170237
v 0.254937 0.684764 0.530071
v -0.492229 0.722629 0.128938
v 0.302554 1.379769 0.493099
v 0.524679 1.447917 -0.316957
v 0.478016 0.713737 -0.205998
v 0.316462 0.066177 0.222600
v 0.142502 0.787085 0.553547
v 0.451849 1.608354 -0.266754
v 0.167311 0.211653 0.573275
v 0.125012 0.730270 0.564733
v 0.419632 1.631937 0.207644
v 0.509694 0.844348 -0.260373
v 0.389043 0.449555 -0.167902
v 0.035621 0.915823 0.678914
v 0.082178 1.102984 0.559769
v 0.164534 0.598992 0.586432
v 0.434408 1.662221 -0.027149
v 0.443664 1.674103 -0.077809
v 0.202137 0.333360 0.562902
v 0.106556 1.208756 0.604627
v 0.403520 1.551732 0.367285
v 0.434039 0.670992 -0.251435
v 0.143296 0.130274 0.414061
v 0.156921 1.326634 0.551038
v 0.218312 1.399864 0.542094
v 0.213848 0.145705 0.362878
v -0.542793 1.407537 -0.027861
v 0.001368 0.542878 0.616746
v 0.135036 0.565097 0.608436
v 0.036023 0.853640 0.715686
v 0.292899 1.585877 0.419245
v -0.507735 0.875052 0.175953
v 0.114671 0.774539 0.545554
v 0.217181 1.351943 0.540095
v 0.297326 0.043312 0.254451
v 0.123811 0.213618 0.599598
v -0.523881 1.330305 0.234262
v 0.036472 1.045750 0.622613
v 0.168802 0.229012 0.586148
v -0.487078 0.734891 0.134600
v -0.048480 0.502008 0.633393
v -0.001264 0.985711 0.662272
v 0.393140 1.606846 -0.393444
v 0.235962 0.159087 0.421023
v -0.000228 0.848544 0.710769
v 0.070415 1.154282 0.561911
v 0.339813 1.699259 0.230499
v 0.223491 0.165442 -0.174430
v 0.084772 0.582600 0.628941
v 0.081111 1.236310 0.560769
v 0.368220 1.578828 -0.479323
v 0.002523 0.186788 0.636436
v -0.049183 0.548894 0.604753
v 0.224037 1.522902 0.482899
v 0.344128 1.771500 -0.078759
v 0.067036 0.756251 0.553615
v 0.056044 0.789193 0.695878
v 0.000156 0.581986 0.651590
v 0.412337 1.484020 -0.494112
v 0.457687 1.264437 -0.502113
v 0.442123 1.404827 -0.510224
v 0.451685 1.114212 -0.503512
v 0.424798 0.910806 -0.478333
v 0.211044 0.039578 0.379721
v -0.036816 0.907616 0.682973
v -0.003500 1.181070 0.569736
v -0.442575 1.413172 -0.508373
v 0.409952 0.775807 -0.404238
v 0.255482 0.069729 -0.066348
v 0.305925 0.074027 -0.002887
v -0.000765 0.104077 0.491893
v -0.001316 1.082046 0.619263
v 0.257666 1.833026 -0.029715
v 0.251271 0.495269 -0.390633
v 0.063491 0.043453 0.449265
v 0.000233 0.046623 0.475356
v -0.001882 0.424598 0.603706
v -0.042553 0.824605 0.707663
v 0.220714 0.041738 0.131962
v -0.001209 0.269129 0.623862
v 0.057053 0.763039 0.631200
v -0.051259 0.595803 0.647599
v -0.001404 0.762272 0.694218
v 0.355258 0.684119 -0.392277
v 0.264520 1.810255 0.081458
v -0.106882 0.520146 0.611264
v 0.120045 1.384812 0.563692
v 0.266094 1.786488 -0.279508
v -0.002794 0.000000 0.252831
v 0.090381 1.635575 0.472118
v 0.297253 0.688638 -0.452394
v 0.174364 0.020988 0.251093
v -0.128994 0.214499 0.598587
v -0.057833 0.790565 0.697873
v 0.227787 0.348248 -0.326419
v -0.075438 0.853224 0.673519
v -0.042984 1.174520 0.561930
v 0.000071 1.244018 0.573349
v -0.515848 1.230982 0.276373
v 0.250086 1.581389 -0.577323
v -0.488573 1.137324 0.314000
v -0.000376 0.168208 0.621952
v -0.170525 0.229744 0.585514
v -0.167600 0.213189 0.577414
v -0.455612 0.588367 0.132876
v 0.216140 0.193899 -0.217831
v -0.157774 0.535307 0.586691
v -0.173556 0.549017 0.588774
v -0.037833 1.011846 0.636692
v 0.249015 1.733132 -0.385105
v 0.000253 0.013267 0.291509
v -0.454152 1.127052 -0.504259
v 0.130541 1.801946 0.254990
v 0.265685 1.773469 0.250978
v 0.342386 0.907059 -0.526604
v 0.149357 0.306360 -0.333933
v 0.238279 1.210545 -0.632877
v -0.002595 0.001624 -0.000248
v -0.048083 0.700859 0.591489
v -0.041604 0.878968 0.674573
v 0.062138 0.044774 -0.215662
v -0.047280 0.746316 0.559362
v -0.059767 0.764734 0.629922
v 0.245175 1.382347 -0.645535
v -0.201513 0.315835 0.553482
v -0.048751 0.602148 0.637799
v -0.059682 0.905906 0.618772
v -0.001319 1.499503 0.549326
v -0.120320 0.017335 0.254593
v -0.087139 0.119059 0.446931
v 0.158613 1.809365 -0.293715
v 0.271394 0.640375 -0.456245
v -0.263478 1.024771 0.589928
v -0.286839 1.255110 0.639684
v 0.226939 1.695900 -0.474908
v -0.151640 0.040655 0.408597
v -0.001332 1.654307 0.488392
v 0.267444 1.845974 -0.080522
v -0.024974 0.717268 0.570999
v -0.001578 1.372057 0.592822
v -0.001751 0.036299 -0.251690
v -0.410291 0.769384 -0.401111
v -0.222389 0.261310 0.510537
v -0.172666 0.600559 0.584102
v -0.134445 0.741699 0.553257
v -0.118147 0.795277 0.629576
v -0.216043 0.039591 0.376883
v -0.000763 0.139644 -0.304256
v -0.259062 1.290415 0.614968
v -0.428347 1.656040 -0.257499
v -0.123299 1.627571 0.468016
v 0.134511 1.593986 -0.603193
v -0.160240 0.135747 0.404271
v -0.079048 1.127113 0.561097
v -0.350789 1.230497 0.607611
v -0.003462 1.897532 -0.086343
v 0.233948 0.923867 -0.601691
v 0.254637 0.793338 -0.537799
v -0.039471 1.113252 0.594104
v -0.232672 1.353477 0.532910
v 0.071540 0.878154 -0.635750
v -0.215134 0.253923 0.530804
v -0.079848 0.924524 0.569638
v -0.062695 1.049302 0.562398
v -0.269832 1.350027 0.526159
v -0.001102 1.828034 0.261316
v -0.001747 1.848127 0.156398
v -0.240130 0.435732 0.524523
v -0.092124 0.764236 0.549126
v -0.129567 1.034058 0.547855
v -0.213839 0.122613 0.364669
v -0.236974 0.147197 0.385798
v -0.089036 0.929945 0.572992
v -0.000697 1.752365 0.358936
v -0.440089 1.664274 -0.140657
v 0.000771 1.763620 -0.473180
v 0.120426 1.382035 -0.675834
v -0.002295 0.250033 -0.368043
v -0.307539 0.577886 0.520213
v -0.310260 0.612406 0.521358
v 0.081600 0.584188 -0.504212
v -0.001595 0.332468 -0.424142
v -0.205196 0.065062 -0.131111
v -0.214995 0.026948 0.252729
v -0.265117 0.041290 0.304867
v -0.516936 1.354597 0.182144
v -0.076627 0.974269 0.565469
v -0.284353 0.998902 0.535833
v -0.464684 1.054952 0.409002
v -0.001937 1.644989 -0.596088
v -0.238888 0.158717 0.415882
v -0.258783 0.294260 0.492395
v -0.079482 0.933989 0.565237
v -0.079946 0.934684 0.564542
v -0.079946 0.935843 0.564542
v -0.223254 1.607713 0.454368
v 0.088908 0.949241 -0.648699
v -0.144055 0.785269 0.551859
v -0.079946 0.936769 0.564542
v -0.079251 0.937581 0.565006
v -0.315512 1.054613 0.597691
v -0.124670 1.803620 0.255177
v -0.220000 0.149642 0.361251
v -0.139072 0.835752 0.557211
v -0.003129 1.766519 -0.469750
v -0.255546 0.190287 0.311430
v -0.121612 0.892017 0.557894
v -0.313940 1.336899 0.493555
v -0.075763 1.603662 -0.614789
v -0.001654 0.433038 -0.472973
v -0.316993 0.066053 0.221439
v -0.260010 0.966583 0.506626
v -0.331206 1.286137 0.575562
v -0.219992 1.413282 0.528041
v -0.001357 1.378084 -0.711777
v -0.487898 1.224705 0.292062
v -0.383195 1.189900 0.580664
v -0.222456 1.399179 0.540216
v -0.248399 1.692256 0.344964
v -0.456098 0.888362 0.370419
v -0.098222 1.735565 -0.473147
v -0.001195 1.458284 -0.687067
v -0.213728 0.155229 -0.189661
v -0.144476 0.886136 0.542861
v -0.002023 1.609525 -0.636847
v -0.135607 0.314975 -0.345321
v -0.202420 0.721655 0.533451
v -0.189001 0.974931 0.525609
v -0.252006 0.999105 0.535112
v -0.223736 1.508922 0.488934
v -0.001303 0.566944 -0.536290
v -0.249109 0.998757 0.535923
v -0.249920 0.999105 0.535112
v -0.251079 0.999105 0.535112
v -0.279777 1.000969 0.528688
v -0.001201 1.844199 -0.318965
v -0.320621 0.146009 -0.032342
v -0.380667 1.104306 0.574539
v -0.334375 1.373971 0.474757
v -0.001174 0.776644 -0.623521
v -0.219410 0.258536 -0.265551
v -0.341722 0.082283 0.192095
v -0.307099 0.344782 0.450570
v -0.356390 1.311086 0.486273
v -0.334093 0.454757 0.437745
v -0.001162 1.181403 -0.699787
v -0.199114 1.859709 -0.082297
v -0.001290 0.881319 -0.666275
v -0.000738 0.991360 -0.685401
v -0.322637 1.576613 0.405186
v -0.155364 1.810749 -0.293806
v -0.294940 0.237320 0.269946
v -0.304432 0.611039 0.484399
v -0.331237 1.673659 0.302535
v -0.267509 1.846547 -0.080560
v -0.232338 1.693296 -0.475555
v -0.359788 1.048307 0.545016
v -0.404737 1.552668 0.365285
v -0.369788 0.328109 0.147651
v -0.383514 1.279001 0.498219
v -0.369171 1.290419 0.465641
v -0.258752 1.830740 -0.019617
v -0.247820 1.723824 -0.403375
v -0.348246 0.311998 0.182785
v -0.297368 0.725309 0.501162
v -0.233127 0.371133 -0.337051
v -0.316745 0.362457 0.387971
v -0.326999 1.711667 0.234168
v -0.263938 1.797465 0.141869
v -0.343745 0.672175 0.434917
v -0.317253 0.968561 0.479887
v -0.264145 1.811917 -0.190492
v -0.365827 0.563657 0.411819
v -0.404245 1.085151 0.439919
v -0.349368 0.293709 -0.100537
v -0.342926 1.763966 -0.053741
v -0.137380 0.976514 -0.636188
v -0.404566 0.404500 0.143051
v -0.292417 0.452478 -0.304059
v -0.411527 1.646684 0.126056
v -0.266234 1.523409 -0.588795
v -0.351911 0.781503 0.469761
v -0.416041 1.188354 0.513980
v -0.247834 1.380223 -0.645496
v -0.258390 0.784219 -0.531512
v -0.420676 1.629305 0.213691
v -0.266300 0.709686 -0.493511
v -0.370378 1.403483 -0.559491
v -0.448971 0.878887 0.417696
v -0.409390 0.733217 0.398843
v -0.286158 0.733537 0.504577
v -0.444439 1.675459 -0.080603
v -0.391384 0.648360 0.387638
v -0.448930 1.319108 0.372447
v -0.370829 0.394677 -0.016036
v -0.393890 0.635208 -0.321709
v -0.414543 1.210844 0.437276
v -0.429882 0.517500 0.143702
v -0.508402 1.339877 0.236121
v -0.426173 1.603422 0.196270
v -0.464839 0.646075 0.147612
v -0.478353 1.596822 -0.068791
v -0.478831 1.462301 0.208139
vn -0.8695 -0.1901 -0.4559
vn -0.8591 -0.2547 -0.4440
vn -0.8415 -0.3234 -0.4328
vn -0.5554 -0.7768 -0.2968
vn 0.9923 -0.0000 0.1241
vn 0.7666 0.3444 0.5419
vn 0.7722 0.3660 0.5194
vn 0.7772 0.3881 0.4953
vn 0.3619 -0.0265 0.9318
vn 0.4196 0.0144 0.9076
vn 0.1659 0.1059 0.9804
vn 0.4303 0.3899 0.8142
vn 0.4616 0.3414 0.8188
vn 0.4472 0.5300 0.7205
vn 0.7824 0.4163 0.4633
vn 0.3946 0.4967 0.7731
vn 0.9317 0.0653 0.3573
vn 0.9138 0.0302 0.4050
vn 0.8792 -0.0243 0.4758
vn 0.0227 0.1245 0.9920
vn 0.0173 0.3656 0.9306
vn 0.6318 -0.0691 0.7721
vn 0.0464 0.4292 0.9020
vn 0.1941 -0.0440 0.9800
vn 0.6737 0.2832 -0.6826
vn 0.8080 0.3631 0.4640
vn -0.1252 0.0178 0.9920
vn -0.2199 -0.1035 0.9700
vn -0.1861 -0.0874 0.9786
vn -0.3164 -0.0000 0.9486
vn -0.4120 0.0820 0.9075
vn -0.4337 0.1013 0.8954
vn -0.4336 0.1014 0.8954
vn -0.4119 0.0820 0.9075
vn -0.4462 0.1127 0.8878
vn 0.5176 0.6523 0.5537
vn -0.2024 -0.0969 0.9745
vn -0.1612 0.2943 0.9420
vn 0.5308 0.6598 0.5319
vn 0.4048 0.6377 0.6553
vn 0.8450 -0.0686 0.5303
vn 0.1839 -0.3684 0.9113
vn 0.2061 -0.3586 0.9104
vn 0.1828 -0.3689 0.9113
vn 0.3934 -0.3964 0.8295
vn 0.3432 -0.4485 0.8253
vn 0.4609 -0.3573 0.8124
vn 0.1019 0.4754 0.8738
vn 0.1258 0.4677 0.8749
vn 0.1325 0.4701 0.8726
vn 0.7623 0.6318 0.1405
vn 0.7411 0.6468 0.1799
vn 0.7619 0.6321 0.1411
vn 0.6578 -0.7080 0.2570
vn 0.6479 -0.7060 0.2861
vn 0.6483 -0.7061 0.2849
vn 0.8522 -0.4212 0.3104
vn 0.8176 -0.5713 0.0715
vn 0.7386 -0.4934 0.4594
vn 0.8854 -0.2671 0.3805
vn 0.9280 -0.2580 0.2687
vn 0.9195 -0.2604 0.2944
vn 0.6415 -0.7044 0.3040
vn 0.6487 -0.4145 0.6382
vn 0.8288 -0.0529 0.5570
vn 0.3682 -0.8315 0.4159
vn 0.3845 -0.8212 0.4218
vn 0.3262 -0.8436 0.4264
vn 0.9501 -0.2494 0.1872
vn 0.4754 -0.6263 0.6178
vn 0.4539 -0.5945 0.6637
vn 0.4636 -0.6088 0.6438
vn 0.2848 -0.8586 0.4262
vn 0.4825 -0.6369 0.6013
vn 0.9797 -0.1789 0.0902
vn 0.9683 -0.2458 0.0453
vn 0.9701 -0.1436 0.1954
vn 0.9676 -0.2474 0.0501
vn 0.9323 -0.2355 0.2746
vn 0.9951 -0.0573 0.0800
vn 0.6575 -0.2517 0.7102
vn 0.6771 -0.3159 0.6647
vn 0.6843 -0.3435 0.6432
vn 0.6220 0.0023 0.7830
vn 0.6219 -0.1281 0.7726
vn 0.6702 -0.1363 0.7296
vn 0.6563 -0.2859 0.6982
vn 0.6488 -0.2585 0.7157
vn 0.9707 -0.2035 0.1278
vn 0.9332 -0.2187 0.2853
vn 0.8993 -0.2911 -0.3263
vn 0.9371 -0.2336 -0.2594
vn 0.9033 -0.2862 -0.3195
vn 0.9807 -0.0080 0.1955
vn 0.9782 0.0488 0.2017
vn 0.9630 0.0190 0.2689
vn 0.9356 -0.2259 -0.2712
vn 0.7839 -0.1233 0.6085
vn 0.7837 -0.1231 0.6088
vn 0.7854 -0.1253 0.6062
vn 0.4273 -0.5108 0.7460
vn 0.4061 -0.4444 0.7985
vn 0.3421 -0.6161 0.7095
vn 0.4476 0.0071 0.8942
vn 0.4818 -0.0009 0.8763
vn 0.4442 -0.0960 0.8908
vn 0.1877 -0.8754 0.4455
vn 0.9337 -0.2235 -0.2798
vn 0.9664 -0.2567 0.0136
vn 0.9650 -0.2611 0.0232
vn 0.9545 -0.2295 0.1907
vn 0.9551 0.0938 0.2810
vn 0.4288 -0.3150 0.8467
vn 0.9997 -0.0241 0.0086
vn 0.9828 0.0691 0.1711
vn 0.5206 0.0085 0.8537
vn 0.9654 0.0208 0.2598
vn 0.9383 -0.2574 0.2310
vn 0.6561 -0.2939 0.6951
vn 0.9891 0.0155 0.1463
vn 0.9606 0.2592 0.1004
vn 0.8875 0.2546 0.3842
vn 0.9585 0.2760 0.0719
vn 0.9671 0.2372 0.0922
vn 0.9538 0.2940 0.0622
vn 0.1396 0.1218 0.9827
vn 0.2971 0.3509 0.8880
vn 0.4869 0.3117 0.8160
vn 0.4074 0.3353 0.8495
vn 0.9647 0.2616 0.0289
vn 0.9820 0.1457 -0.1203
vn 0.9332 -0.2186 0.2853
vn 0.9266 -0.2394 0.2899
vn 0.7064 -0.0171 0.7076
vn 0.0117 -0.5529 0.8332
vn 0.0225 -0.5443 0.8386
vn 0.0166 -0.5490 0.8357
vn 0.5711 0.0061 0.8209
vn 0.5393 0.1172 0.8339
vn 0.5026 0.1742 0.8468
vn 0.4404 0.3269 0.8362
vn 0.4075 0.3353 0.8495
vn 0.4870 0.3116 0.8159
vn 0.5901 0.7487 0.3020
vn 0.7855 -0.1255 0.6060
vn 0.7105 0.3423 -0.6149
vn 0.4509 0.0408 0.8917
vn 0.4441 0.0180 0.8958
vn 0.9538 0.2941 0.0622
vn 0.9387 0.3430 0.0356
vn 0.5674 0.3038 0.7654
vn -0.0631 -0.0184 0.9978
vn 0.7413 -0.0249 0.6707
vn 0.7065 -0.0171 0.7076
vn 0.3574 0.0286 0.9335
vn -0.2189 -0.8304 -0.5123
vn 0.0272 -0.5404 0.8409
vn 0.4062 -0.4444 0.7985
vn 0.4288 -0.3149 0.8467
vn 0.3943 -0.2384 0.8875
vn 0.1014 0.0401 0.9940
vn 0.0481 -0.0812 0.9955
vn 0.0740 -0.1446 0.9867
vn 0.6216 0.3008 0.7233
vn 0.9220 -0.2585 0.2883
vn 0.7082 -0.1395 0.6921
vn 0.7204 -0.1792 0.6700
vn 0.7142 -0.1922 0.6730
vn -0.1233 -0.7835 0.6090
vn -0.0787 -0.7686 0.6349
vn -0.2607 -0.7739 0.5772
vn 0.5849 0.0398 0.8101
vn 0.9686 -0.0693 -0.2386
vn 0.0561 -0.6224 0.7807
vn 0.0557 -0.6185 0.7838
vn 0.0544 -0.6064 0.7933
vn 0.4131 0.4424 0.7960
vn 0.5026 0.1743 0.8468
vn 0.5392 0.1173 0.8339
vn 0.5932 0.0587 0.8029
vn 0.9730 0.1677 0.1583
vn 0.0733 -0.2034 0.9764
vn 0.7824 0.6148 0.0993
vn 0.9294 0.1655 0.3298
vn 0.9208 -0.2825 0.2689
vn 0.3815 0.3810 0.8422
vn 0.2955 0.0319 0.9548
vn 0.0538 -0.6007 0.7976
vn 0.1211 -0.2596 0.9581
vn 0.0740 -0.1447 0.9867
vn 0.3036 0.6496 0.6970
vn 0.5997 0.0852 0.7956
vn -0.2919 -0.7804 0.5529
vn -0.2423 -0.1399 0.9601
vn 0.6729 0.4820 0.5612
vn 0.7212 0.4803 0.4992
vn 0.6684 0.4820 0.5664
vn 0.9287 0.3342 0.1609
vn 0.9259 0.3150 0.2084
vn 0.9647 0.2617 0.0290
vn 0.9998 0.0156 -0.0124
vn 0.9989 -0.0398 0.0267
vn -0.7772 0.1201 -0.6177
vn 0.9346 0.3041 -0.1844
vn -0.0512 0.4749 0.8786
vn 0.0309 0.4266 0.9039
vn -0.0319 0.4639 0.8853
vn 0.6145 0.4805 0.6257
vn 0.7071 -0.1251 0.6959
vn 0.5060 0.8405 0.1937
vn 0.9848 0.1718 0.0256
vn 0.8531 -0.3508 0.3861
vn -0.2707 -0.5215 0.8092
vn -0.1091 0.5063 0.8554
vn 0.9654 0.0209 0.2598
vn 0.9293 0.2283 0.2901
vn 0.6721 0.3167 0.6693
vn 0.6763 0.3184 0.6643
vn 0.9147 0.3430 0.2136
vn 0.6976 -0.0878 0.7111
vn 0.6944 -0.0762 0.7156
vn 0.6997 -0.0845 0.7094
vn 0.9006 -0.3840 0.2038
vn 0.9064 -0.3840 0.1759
vn 0.8765 -0.4311 0.2142
vn 0.9653 -0.2543 -0.0585
vn 0.9538 -0.3005 0.0021
vn 0.2254 0.3010 -0.9266
vn 0.5653 0.2067 0.7986
vn 0.5856 0.6101 0.5338
vn 0.5911 0.6140 0.5231
vn 0.6277 0.6598 0.4131
vn 0.6501 0.6391 0.4109
vn 0.3227 0.0419 0.9456
vn 0.2931 0.0127 0.9560
vn -0.4277 -0.7360 0.5248
vn -0.2920 -0.7804 0.5529
vn -0.4465 -0.3243 0.8339
vn -0.4279 -0.3212 0.8448
vn -0.4023 -0.3168 0.8590
vn -0.4863 -0.3305 0.8089
vn 0.9712 0.1588 0.1777
vn 0.9211 0.3859 -0.0522
vn 0.9606 -0.2656 -0.0818
vn 0.9463 -0.3044 -0.1090
vn 0.9603 -0.2717 -0.0637
vn 0.5671 -0.7680 -0.2975
vn 0.5685 -0.7640 -0.3051
vn 0.5702 -0.7653 -0.2986
vn 0.9018 -0.4002 0.1631
vn 0.1625 0.9867 -0.0000
vn 0.1490 0.9887 -0.0139
vn 0.6107 0.6660 0.4283
vn 0.5856 0.6100 0.5338
vn 0.6998 0.5695 0.4313
vn 0.6997 0.5695 0.4313
vn 0.4436 0.8738 -0.1993
vn 0.4406 0.8702 -0.2203
vn 0.4523 0.8831 -0.1247
vn 0.3139 0.0498 0.9481
vn 0.5164 0.0860 0.8520
vn 0.5997 0.0852 0.7957
vn 0.5358 0.0720 0.8413
vn 0.9884 0.1089 0.1055
vn 0.8691 -0.4833 0.1053
vn 0.8983 -0.3627 0.2482
vn 0.8983 -0.3626 0.2482
vn -0.6050 0.7747 0.1838
vn -0.5688 0.8074 0.1568
vn -0.5243 0.8419 0.1277
vn -0.0228 0.9561 0.2921
vn -0.2750 0.9614 -0.0000
vn -0.2367 0.9707 0.0408
vn -0.2264 0.9727 0.0516
vn -0.2222 0.9734 0.0560
vn 0.0359 0.9993 -0.0034
vn 0.1509 0.9885 -0.0139
vn 0.1504 0.9885 -0.0144
vn 0.4543 0.8849 -0.1026
vn 0.7244 0.3272 0.6068
vn 0.5248 0.0142 0.8511
vn 0.8385 0.3950 0.3754
vn 0.8621 0.3940 0.3186
vn 0.3834 0.5015 0.7756
vn 0.3836 0.5017 0.7753
vn 0.3824 0.5007 0.7766
vn 0.2802 0.0271 0.9596
vn -0.5284 0.8450 0.0817
vn -0.5145 0.8530 0.0875
vn 0.4608 0.1253 0.8786
vn 0.4876 0.1056 0.8666
vn 0.4769 0.0844 0.8749
vn 0.9838 0.1569 0.0866
vn 0.9352 -0.3068 -0.1767
vn 0.8608 -0.4506 0.2367
vn 0.5221 0.5923 0.6136
vn 0.9665 0.1822 0.1808
vn 0.9753 -0.2184 -0.0322
vn 0.9552 -0.2779 -0.1015
vn 0.9081 -0.3405 0.2438
vn 0.9350 -0.3489 0.0630
vn 0.9588 -0.2831 -0.0246
vn 0.9535 -0.3015 -0.0005
vn 0.8920 -0.2489 -0.3772
vn 0.4333 0.1880 0.8814
vn 0.5518 0.2788 0.7860
vn 0.4427 0.2302 0.8666
vn 0.8449 -0.0997 0.5255
vn 0.8493 -0.0987 0.5186
vn 0.8468 -0.0367 0.5307
vn 0.6119 -0.7698 -0.1817
vn 0.6340 -0.7523 -0.1790
vn 0.5774 -0.7951 -0.1855
vn 0.9362 0.0471 0.3483
vn 0.9457 0.0234 0.3243
vn 0.9518 0.0430 0.3038
vn 0.2912 0.0091 0.9566
vn 0.4594 0.1350 0.8779
vn 0.9500 0.3121 -0.0083
vn 0.3228 0.0419 0.9455
vn 0.3140 0.0498 0.9481
vn 0.4434 0.0960 0.8912
vn 0.2957 0.7560 0.5839
vn 0.9445 0.3170 -0.0867
vn 0.9939 0.0827 -0.0726
vn 0.9940 -0.0833 -0.0705
vn 0.4504 -0.7857 -0.4241
vn 0.3376 -0.8154 -0.4703
vn -0.5178 0.1760 0.8372
vn -0.6790 0.0901 0.7286
vn -0.5774 0.0842 0.8121
vn 0.2616 0.8090 0.5264
vn 0.2874 0.8485 0.4443
vn 0.3907 0.1689 0.9049
vn 0.5206 0.6401 0.5650
vn -0.5475 -0.5227 0.6535
vn -0.6247 -0.5036 0.5968
vn -0.5945 -0.5118 0.6202
vn -0.5372 0.1797 0.8241
vn 0.9687 0.1853 0.1654
vn 0.9707 0.1701 0.1698
vn 0.9556 0.2076 0.2091
vn 0.2418 -0.0926 0.9659
vn -0.7162 -0.0048 0.6979
vn 0.6854 0.6194 0.3827
vn 0.6763 0.6345 0.3742
vn 0.6904 0.6323 0.3514
vn 0.9741 -0.1912 0.1208
vn 0.9437 -0.3119 0.1099
vn 0.8542 -0.1049 0.5092
vn 0.7429 -0.3981 0.5381
vn 0.7824 -0.3435 0.5195
vn 0.7821 -0.3603 0.5084
vn 0.4210 0.1386 0.8964
vn 0.3807 0.5101 0.7713
vn 0.3810 0.5079 0.7725
vn 0.3824 0.5008 0.7765
vn 0.8600 0.1853 0.4754
vn 0.9022 0.1492 0.4046
vn 0.9028 0.1482 0.4037
vn 0.8783 0.3991 0.2633
vn 0.9886 -0.1492 0.0196
vn 0.8220 -0.0165 0.5693
vn 0.7013 -0.0807 0.7082
vn 0.1616 0.4544 0.8760
vn 0.1730 0.4429 0.8797
vn 0.1488 -0.6613 0.7352
vn 0.0720 -0.6912 0.7190
vn 0.0707 -0.6870 0.7232
vn 0.3811 0.5079 0.7725
vn -0.2952 0.0469 0.9543
vn 0.9472 -0.0776 0.3111
vn 0.9526 0.0137 0.3040
vn 0.9511 0.0343 0.3069
vn 0.9731 0.1001 0.2074
vn 0.9138 0.1441 0.3797
vn 0.2527 -0.0264 0.9672
vn 0.4841 -0.0076 0.8750
vn 0.8464 0.4752 -0.2403
vn 0.3981 0.1950 0.8964
vn 0.9737 0.1606 0.1618
vn 0.8952 0.3761 0.2391
vn 0.9730 -0.2308 -0.0105
vn 0.9758 -0.2121 -0.0527
vn 0.7358 0.1230 0.6659
vn 0.8173 0.0691 0.5721
vn 0.3205 -0.8188 -0.4763
vn 0.9159 -0.1919 0.3526
vn 0.9146 -0.2013 0.3507
vn 0.9210 -0.1802 0.3454
vn 0.3133 -0.2455 0.9174
vn 0.3259 -0.9214 0.2116
vn 0.2074 -0.9681 0.1403
vn 0.2699 -0.9463 0.1779
vn 0.7091 0.0565 0.7028
vn 0.7120 0.0519 0.7002
vn 0.7260 0.0372 0.6866
vn 0.9867 0.0874 0.1370
vn 0.9778 0.0832 0.1923
vn -0.7021 -0.4774 0.5284
vn 0.9769 0.1602 0.1417
vn 0.9432 0.3215 0.0836
vn 0.9489 -0.3143 0.0275
vn 0.7200 0.1660 0.6739
vn 0.9534 -0.3016 -0.0005
vn 0.9210 -0.3763 0.1010
vn 0.3059 -0.2191 0.9265
vn 0.5255 0.6946 0.4912
vn 0.1213 0.0174 0.9925
vn -0.1858 0.7394 0.6471
vn -0.1876 0.7379 0.6483
vn -0.1889 0.7369 0.6491
vn 0.4751 -0.7721 0.4221
vn 0.3819 -0.2824 0.8800
vn 0.5019 0.6083 0.6149
vn 0.5005 0.5821 0.6408
vn 0.5004 0.5797 0.6431
vn 0.9693 0.2171 -0.1152
vn 0.9552 -0.2779 -0.1014
vn 0.9303 -0.2609 0.2577
vn 0.7233 0.0381 0.6895
vn -0.1908 0.7353 0.6503
vn 0.5173 0.3018 0.8008
vn 0.5459 0.2864 0.7874
vn 0.5035 0.2848 0.8157
vn 0.8066 0.5773 -0.1274
vn 0.8520 -0.3210 -0.4136
vn 0.8166 -0.3642 -0.4478
vn 0.8430 -0.3354 -0.4206
vn 0.5530 -0.8117 -0.1880
vn 0.2995 0.2427 0.9227
vn 0.4720 0.2372 0.8491
vn 0.4914 0.2809 0.8244
vn 0.8451 0.3347 -0.4170
vn 0.8057 0.4293 -0.4081
vn 0.9729 -0.2308 -0.0105
vn 0.9823 -0.1616 -0.0950
vn 0.9315 -0.2648 0.2492
vn 0.0815 -0.6779 0.7306
vn 0.0725 0.2812 0.9569
vn 0.0685 0.2586 0.9636
vn 0.0715 0.2758 0.9585
vn 0.0671 0.2509 0.9657
vn 0.5031 0.4423 0.7425
vn 0.4745 0.4329 0.7664
vn 0.3317 0.3846 0.8614
vn 0.4936 -0.0479 0.8684
vn 0.8631 0.2371 -0.4459
vn 0.8302 0.0384 0.5562
vn 0.8004 0.0181 0.5992
vn 0.2962 -0.9551 0.0097
vn 0.2175 -0.6476 0.7302
vn 0.0084 0.6610 0.7504
vn 0.3464 -0.9110 0.2239
vn 0.2699 -0.9463 0.1780
vn 0.9113 0.1533 0.3822
vn -0.8481 -0.2147 0.4844
vn 0.5020 0.6105 0.6127
vn 0.8831 -0.0910 -0.4603
vn 0.8822 -0.0823 -0.4636
vn 0.8556 -0.2593 -0.4480
vn 0.7825 -0.3674 -0.5027
vn 0.6034 -0.2695 0.7505
vn 0.5789 -0.2538 0.7749
vn 0.5170 -0.2342 0.8233
vn 0.8016 -0.3379 0.4933
vn 0.7391 0.0227 0.6732
vn 0.4934 0.2994 0.8167
vn 0.9820 -0.1652 -0.0913
vn 0.7968 -0.3616 0.4841
vn 0.4079 -0.5662 0.7163
vn 0.6565 0.6465 0.3886
vn 0.7055 0.6686 0.2350
vn 0.7505 0.5328 -0.3911
vn 0.9828 -0.0502 -0.1779
vn -0.7884 0.0418 0.6138
vn 0.7305 0.6249 -0.2755
vn 0.7815 -0.3729 -0.5002
vn 0.7701 -0.4168 -0.4830
vn 0.7345 -0.4117 -0.5395
vn 0.7276 -0.3905 -0.5641
vn 0.8109 -0.3591 -0.4620
vn 0.2980 -0.0377 0.9538
vn 0.2503 0.1303 0.9594
vn 0.2503 0.1530 0.9560
vn 0.2630 0.1458 0.9537
vn 0.2814 0.1678 0.9448
vn 0.2510 0.1235 0.9601
vn 0.0303 0.7957 -0.6050
vn -0.1720 0.3272 0.9292
vn -0.6381 0.4287 0.6395
vn -0.5875 0.5105 0.6279
vn -0.6368 0.4385 0.6342
vn -0.5602 0.5489 0.6203
vn -0.4712 0.6468 0.5997
vn 0.6873 0.6912 0.2232
vn 0.6693 0.6868 0.2834
vn 0.6614 0.6877 0.2994
vn 0.8207 0.0683 0.5673
vn 0.6033 -0.7360 0.3070
vn 0.6516 0.7572 0.0455
vn 0.6980 0.7042 0.1296
vn 0.7356 -0.3855 -0.5570
vn 0.5788 -0.2538 0.7750
vn 0.4975 -0.2250 0.8378
vn 0.2714 -0.6268 0.7304
vn 0.2859 -0.6325 0.7199
vn 0.4156 0.2473 0.8753
vn 0.4901 0.3016 0.8179
vn 0.6764 0.5852 -0.4472
vn 0.1939 -0.4372 0.8782
vn 0.1633 -0.4646 0.8704
vn 0.1874 -0.4431 0.8767
vn -0.1457 0.4645 0.8735
vn -0.1531 0.4586 0.8754
vn -0.1366 0.4620 0.8763
vn 0.4759 0.6257 0.6181
vn 0.4824 0.6173 0.6214
vn 0.4749 0.6231 0.6215
vn 0.3508 -0.6092 0.7112
vn 0.2122 -0.4203 0.8822
vn -0.8260 0.1154 0.5517
vn 0.0529 0.6900 0.7218
vn 0.8929 0.0681 -0.4451
vn 0.8926 0.0141 -0.4506
vn 0.7437 -0.3738 -0.5542
vn 0.7390 -0.3710 -0.5623
vn 0.3956 0.1560 0.9051
vn 0.3915 0.1341 0.9103
vn 0.4073 0.2520 0.8778
vn 0.4825 -0.2335 0.8442
vn 0.3017 0.3886 0.8706
vn 0.1452 0.0003 0.9894
vn 0.1970 -0.0455 0.9794
vn 0.1985 -0.0653 0.9779
vn 0.7209 0.6641 0.1980
vn 0.8512 -0.3445 -0.3958
vn 0.3786 0.3416 0.8602
vn 0.2457 0.1393 0.9593
vn 0.3297 0.3340 0.8830
vn 0.0877 -0.0297 0.9957
vn 0.4815 0.3042 0.8219
vn 0.8563 -0.2473 -0.4534
vn 0.2296 -0.9680 -0.1009
vn 0.4438 -0.8646 -0.2356
vn 0.4891 -0.8207 -0.2953
vn 0.3719 0.3523 0.8588
vn -0.1201 0.4424 0.8888
vn 0.1368 0.3311 0.9336
vn 0.2260 0.4315 0.8733
vn 0.2887 0.3992 0.8702
vn 0.2041 0.4415 0.8737
vn 0.0032 -0.0267 0.9996
vn 0.6777 0.7041 0.2121
vn 0.4830 -0.2344 0.8437
vn 0.2421 -0.8783 0.4124
vn 0.2199 -0.8817 0.4175
vn 0.3057 -0.8576 0.4137
vn 0.0056 -0.2690 0.9631
vn 0.0756 -0.2586 0.9630
vn 0.1025 -0.3041 0.9471
vn 0.4535 0.6307 0.6298
vn 0.7084 -0.4194 -0.5677
vn 0.7699 -0.3610 -0.5263
vn 0.3670 -0.9242 -0.1053
vn 0.1473 -0.9888 0.0261
vn 0.1787 -0.9839 -0.0040
vn 0.0953 -0.9873 0.1273
vn 0.3178 -0.8517 0.4166
vn 0.2452 0.1242 0.9615
vn -0.1145 0.4323 0.8944
vn 0.0113 0.3255 0.9455
vn 0.0062 0.3349 0.9422
vn -0.0262 0.3479 0.9372
vn 0.3804 -0.9158 0.1291
vn 0.3743 -0.9184 0.1285
vn 0.3835 -0.9144 0.1294
vn 0.1770 -0.0792 0.9810
vn 0.1335 -0.0393 0.9903
vn 0.1269 0.0239 0.9916
vn 0.4334 0.6367 0.6378
vn 0.2453 -0.9664 -0.0764
vn -0.1717 -0.6672 0.7248
vn -0.2400 -0.6559 0.7157
vn -0.1795 -0.6648 0.7251
vn -0.2311 -0.6512 0.7229
vn -0.9821 0.1222 0.1431
vn -0.9725 0.1010 0.2099
vn -0.9685 0.1197 0.2183
vn 0.2351 -0.1343 0.9627
vn -0.3050 -0.5554 0.7736
vn -0.2262 -0.4149 0.8813
vn -0.1776 -0.4618 0.8690
vn -0.1949 -0.4455 0.8738
vn -0.1311 -0.5040 0.8537
vn 0.0299 0.3784 0.9251
vn 0.3837 0.4036 0.8306
vn -0.0369 0.7457 0.6652
vn 0.0134 0.7590 0.6509
vn -0.0267 0.7525 0.6581
vn 0.4780 0.6303 0.6118
vn 0.7063 0.6949 0.1353
vn 0.8786 -0.3173 -0.3569
vn -0.2501 0.1361 0.9586
vn -0.2813 -0.0246 0.9593
vn -0.2493 0.1281 0.9599
vn -0.0452 0.7108 0.7019
vn -0.0113 -0.2190 0.9757
vn -0.0837 -0.3164 0.9449
vn 0.0370 -0.2144 0.9760
vn -0.5460 0.4379 0.7142
vn 0.6605 0.6873 0.3023
vn 0.6536 0.6644 -0.3624
vn 0.6611 0.7271 -0.1849
vn 0.5372 0.3479 -0.7683
vn 0.5095 0.3514 -0.7854
vn 0.5407 0.2937 -0.7883
vn 0.5829 -0.4157 -0.6981
vn 0.6240 -0.4498 -0.6390
vn 0.4131 0.6881 -0.5966
vn 0.5833 0.6923 -0.4248
vn 0.9062 -0.2828 -0.3145
vn 0.2102 -0.9728 -0.0970
vn -0.0108 -0.9879 0.1545
vn -0.0041 -0.9986 0.0534
vn -0.2492 0.1282 0.9599
vn -0.2471 0.1291 0.9603
vn -0.2501 0.1362 0.9586
vn 0.0300 0.8355 0.5486
vn -0.0113 -0.2189 0.9757
vn 0.0370 -0.2144 0.9761
vn 0.0163 -0.0961 0.9952
vn -0.5398 0.6897 0.4826
vn -0.5000 0.6329 0.5912
vn -0.5137 0.6110 0.6023
vn 0.2447 -0.1427 0.9590
vn 0.5065 -0.0883 -0.8577
vn 0.5037 -0.1714 -0.8467
vn 0.5178 -0.2986 -0.8017
vn -0.0041 -0.9722 0.2343
vn -0.0138 -0.9455 0.3254
vn -0.2370 0.4374 0.8675
vn -0.2414 0.4178 0.8759
vn -0.2760 0.3865 0.8800
vn -0.2438 0.4399 0.8643
vn 0.3817 0.6522 -0.6549
vn 0.5691 0.3406 -0.7484
vn 0.5631 0.2878 -0.7746
vn 0.3827 -0.8254 0.4149
vn -0.4242 -0.3436 0.8378
vn -0.4636 -0.3446 0.8163
vn -0.3877 -0.2914 0.8745
vn 0.6172 0.7156 -0.3270
vn 0.4953 0.6466 -0.5801
vn 0.9070 -0.2816 -0.3131
vn 0.2210 -0.9693 -0.1081
vn -0.4798 -0.6430 0.5970
vn -0.0974 -0.6635 0.7418
vn -0.3322 0.3801 0.8632
vn -0.3310 0.3816 0.8630
vn -0.3222 0.3809 0.8667
vn 0.4631 -0.4650 -0.7545
vn 0.3707 -0.8305 0.4158
vn -0.0963 -0.6603 0.7448
vn -0.4757 0.7889 0.3890
vn 0.2201 0.3466 0.9118
vn 0.2310 0.3556 0.9056
vn 0.2245 0.3506 0.9092
vn 0.6454 -0.3452 -0.6814
vn 0.4120 -0.5246 -0.7451
vn 0.4719 -0.4952 -0.7295
vn 0.3782 -0.4797 -0.7918
vn 0.3774 -0.8310 0.4086
vn -0.4155 -0.4580 0.7859
vn -0.9425 -0.2623 0.2070
vn -0.9254 -0.2187 0.3094
vn -0.9432 -0.2648 0.2007
vn -0.2471 0.1292 0.9603
vn -0.2511 0.1314 0.9590
vn 0.3889 -0.9121 0.1298
vn 0.4073 -0.8835 0.2313
vn 0.1541 -0.0653 0.9859
vn -0.2501 0.1238 0.9603
vn -0.3576 -0.3172 0.8784
vn -0.2322 0.3780 0.8962
vn -0.0434 0.3708 0.9277
vn -0.0879 0.4010 0.9119
vn 0.1086 -0.9210 0.3741
vn 0.2107 0.3377 0.9174
vn 0.2277 0.3543 0.9070
vn 0.4601 -0.4622 -0.7581
vn 0.2055 -0.9747 -0.0876
vn 0.0027 -0.9919 0.1270
vn -0.4102 0.2581 0.8747
vn -0.4241 0.2916 0.8574
vn -0.3465 0.3949 0.8509
vn -0.3539 -0.8901 0.2871
vn -0.4175 -0.8454 0.3332
vn -0.3876 -0.8878 0.2479
vn -0.7490 -0.0752 0.6583
vn -0.7200 0.0005 0.6939
vn -0.7400 0.0075 0.6725
vn 0.6174 0.2747 -0.7371
vn 0.5651 0.0146 -0.8249
vn 0.5344 -0.0184 -0.8450
vn 0.5389 -0.0519 -0.8408
vn 0.6832 -0.3386 -0.6470
vn -0.4854 -0.2577 0.8354
vn -0.4808 -0.2502 0.8403
vn -0.5070 -0.2618 0.8212
vn 0.0408 0.7584 0.6506
vn -0.0263 0.3479 0.9371
vn 0.0061 0.3349 0.9422
vn -0.0777 0.3188 0.9446
vn 0.6308 0.7731 0.0667
vn 0.6631 0.7434 0.0874
vn 0.6956 0.7089 0.1168
vn 0.2009 0.7402 0.6417
vn 0.1729 0.7268 0.6647
vn 0.1757 0.7287 0.6619
vn 0.5073 -0.0773 -0.8583
vn 0.3297 -0.4704 -0.8186
vn 0.1176 -0.9930 -0.0063
vn -0.3347 0.4139 0.8466
vn -0.5150 -0.2633 0.8157
vn -0.2315 0.3548 0.9058
vn -0.5719 0.6079 0.5508
vn 0.0169 0.5645 0.8253
vn 0.2188 0.3458 0.9124
vn 0.2561 0.8223 0.5082
vn 0.2365 0.7854 0.5721
vn 0.2578 0.8245 0.5038
vn 0.2283 0.6959 -0.6809
vn 0.2249 0.6942 -0.6838
vn 0.5674 -0.0149 -0.8233
vn -0.0991 -0.9917 0.0822
vn -0.2532 0.1162 0.9604
vn -0.2642 0.1503 0.9527
vn -0.2563 -0.1486 0.9551
vn -0.2139 -0.0890 0.9728
vn 0.2329 0.7397 0.6313
vn 0.5242 0.2474 -0.8148
vn 0.2078 -0.9693 -0.1317
vn -0.3137 -0.9277 0.2026
vn -0.9725 0.1010 0.2100
vn -0.9165 0.1368 0.3758
vn -0.1864 -0.0457 0.9814
vn -0.1414 -0.0746 0.9871
vn -0.0808 -0.0433 0.9958
vn 0.1515 -0.3823 0.9115
vn 0.2488 0.9005 -0.3565
vn 0.2325 0.9028 -0.3618
vn 0.2559 0.8579 -0.4455
vn 0.5053 -0.2253 -0.8330
vn 0.3933 -0.4651 -0.7931
vn 0.4900 -0.3989 -0.7751
vn -0.0783 -0.0629 0.9949
vn -0.5000 0.2014 0.8423
vn -0.5906 0.0955 0.8013
vn -0.5231 0.1509 0.8388
vn 0.1613 0.7568 0.6335
vn 0.1335 0.7564 0.6403
vn 0.1130 0.7558 0.6450
vn 0.7741 -0.1800 -0.6069
vn -0.3643 -0.9148 0.1743
vn 0.5432 0.8348 0.0901
vn -0.5405 -0.2299 0.8093
vn -0.3603 -0.8362 0.4134
vn -0.3783 -0.8253 0.4193
vn -0.3500 -0.8341 0.4265
vn -0.3738 -0.8256 0.4226
vn -0.0782 -0.0628 0.9950
vn -0.0092 -0.0105 0.9999
vn -0.0807 -0.0432 0.9958
vn 0.0666 -0.7492 0.6590
vn -0.0690 -0.6346 0.7698
vn -0.0506 -0.7528 0.6563
vn -0.2028 -0.2685 0.9417
vn -0.1944 -0.2318 0.9531
vn -0.2241 -0.2779 0.9341
vn 0.0913 0.7548 0.6496
vn -0.2081 -0.0620 0.9761
vn 0.1894 0.3168 0.9294
vn 0.2097 0.7666 0.6070
vn 0.2021 0.7641 0.6126
vn 0.1762 0.9452 0.2748
vn 0.1719 0.9435 0.2834
vn 0.1881 0.9559 0.2255
vn 0.7841 -0.1681 -0.5974
vn 0.2037 -0.9699 -0.1331
vn -0.5768 -0.0930 0.8116
vn -0.6085 -0.7905 -0.0703
vn -0.6172 -0.7841 -0.0648
vn -0.6540 -0.7554 -0.0412
vn -0.2746 0.1731 0.9458
vn -0.4155 0.0892 0.9052
vn -0.4141 0.1721 0.8938
vn -0.3794 0.2008 0.9032
vn 0.6127 -0.5600 0.5576
vn 0.4359 -0.6885 0.5796
vn 0.5236 -0.6542 0.5458
vn -0.2490 -0.3167 0.9152
vn 0.2333 0.3562 0.9048
vn 0.2582 0.8595 -0.4412
vn -0.9425 -0.2622 0.2070
vn -0.9192 -0.2164 0.3289
vn 0.0744 0.7608 0.6447
vn -0.4271 -0.8696 0.2477
vn 0.2571 0.8686 -0.4235
vn -0.4069 0.1682 0.8979
vn -0.4024 0.1437 0.9041
vn -0.7232 0.0265 0.6901
vn -0.7372 0.1409 0.6608
vn -0.7176 0.0002 0.6965
vn -0.5888 0.6237 0.5142
vn -0.6329 0.6381 0.4385
vn -0.2422 0.7878 0.5663
vn -0.2282 0.7597 0.6089
vn -0.2642 0.8272 0.4959
vn 0.2052 0.9460 -0.2509
vn 0.2560 0.2999 -0.9190
vn 0.2387 0.2807 -0.9296
vn 0.2431 0.3048 -0.9209
vn 0.3279 -0.4189 -0.8468
vn -0.3030 -0.2105 0.9294
vn -0.3109 -0.2504 0.9169
vn 0.5324 0.8405 0.1000
vn 0.1984 0.9387 -0.2820
vn 0.2120 0.6943 -0.6878
vn -0.3738 -0.8257 0.4226
vn -0.3115 -0.8532 0.4185
vn -0.9144 0.1234 0.3856
vn 0.1947 0.9609 0.1970
vn 0.1902 0.9601 0.2052
vn 0.2547 0.8618 -0.4387
vn 0.2703 -0.4180 -0.8673
vn 0.2661 -0.4283 -0.8636
vn 0.3247 -0.3241 -0.8886
vn 0.3850 -0.3796 -0.8413
vn -0.0408 -0.9891 0.1415
vn -0.0942 -0.9883 0.1200
vn -0.5888 -0.0321 0.8076
vn -0.1036 -0.9789 -0.1763
vn -0.0926 -0.9717 -0.2175
vn -0.0909 -0.9704 -0.2239
vn -0.1827 -0.9029 0.3890
vn -0.1326 -0.9234 0.3603
vn -0.8905 -0.3248 0.3185
vn -0.8894 -0.4151 0.1914
vn -0.8887 -0.3441 0.3030
vn 0.0845 0.7704 0.6320
vn -0.6427 0.6127 0.4600
vn -0.9146 0.1451 0.3773
vn -0.9148 0.1454 0.3768
vn -0.9139 0.1456 0.3789
vn 0.3551 -0.7760 0.5213
vn 0.0473 -0.8552 0.5162
vn -0.3361 0.7444 0.5770
vn -0.1773 0.8071 0.5632
vn -0.3410 0.7963 0.4996
vn -0.3025 -0.4738 0.8270
vn -0.9069 0.1281 0.4015
vn -0.2141 -0.5782 0.7873
vn -0.2883 -0.3476 0.8922
vn 0.2062 0.9629 0.1743
vn 0.1977 0.9599 0.1986
vn 0.1960 0.9617 0.1915
vn 0.3608 -0.4916 -0.7925
vn -0.1894 -0.9815 0.0279
vn -0.0818 0.3223 0.9431
vn -0.3537 -0.0553 0.9337
vn -0.3986 -0.0351 0.9165
vn -0.2082 -0.0620 0.9761
vn -0.0782 0.6593 0.7478
vn -0.2102 0.7594 0.6158
vn 0.1996 0.9626 0.1831
vn 0.2844 -0.2444 -0.9270
vn -0.4235 -0.4651 -0.7774
vn -0.5064 -0.3871 -0.7706
vn -0.4791 -0.4633 -0.7455
vn -0.8970 -0.3954 0.1974
vn 0.2210 0.3423 -0.9132
vn 0.2518 0.3053 -0.9184
vn -0.1926 -0.9777 0.0838
vn -0.8152 -0.3304 0.4757
vn -0.8327 -0.3313 0.4438
vn -0.7922 -0.3543 0.4969
vn -0.8127 -0.0832 0.5767
vn -0.3326 0.1001 0.9377
vn -0.2259 0.0557 0.9726
vn -0.3114 0.0670 0.9479
vn 0.7340 -0.5010 0.4584
vn 0.6128 -0.5600 0.5576
vn 0.5237 -0.6542 0.5458
vn -0.6225 0.0292 0.7821
vn 0.2319 0.7127 -0.6621
vn -0.6606 -0.7499 -0.0369
vn -0.8971 -0.3954 0.1974
vn -0.9060 -0.3644 0.2155
vn -0.0805 0.3239 0.9427
vn -0.3971 -0.8961 0.1982
vn -0.0219 -0.9050 0.4249
vn -0.9991 0.0158 0.0404
vn 0.4011 -0.4458 -0.8002
vn -0.2065 -0.9744 -0.0891
vn -0.1460 -0.9893 -0.0065
vn -0.7253 -0.0804 0.6838
vn -0.7339 -0.0854 0.6739
vn -0.7415 -0.0808 0.6661
vn -0.3059 0.2435 0.9204
vn -0.5263 -0.3238 0.7862
vn -0.5336 0.5553 0.6379
vn -0.4400 0.6504 0.6192
vn -0.5522 0.6622 0.5064
vn 0.2404 0.7320 -0.6374
vn 0.2354 -0.0808 -0.9685
vn 0.2046 -0.1032 -0.9734
vn 0.2608 -0.0840 -0.9617
vn -0.2239 -0.9678 -0.1148
vn -0.2164 -0.9670 -0.1344
vn -0.2122 -0.9751 0.0643
vn -0.8259 0.0369 0.5626
vn -0.8207 0.1044 0.5617
vn -0.8061 0.0174 0.5916
vn -0.2501 -0.8788 0.4063
vn 0.7789 -0.4803 0.4034
vn -0.2099 0.3492 0.9132
vn -0.2187 0.3494 0.9111
vn -0.2201 0.3466 0.9119
vn 0.2412 0.9050 -0.3503
vn -0.3804 -0.4774 -0.7921
vn -0.4819 -0.4890 -0.7271
vn -0.1052 -0.9798 -0.1703
vn -0.3946 0.1378 0.9084
vn -0.9998 -0.0000 0.0191
vn 0.5623 -0.3665 -0.7413
vn -0.6753 -0.0234 0.7371
vn -0.0245 0.9384 -0.3448
vn -0.1928 0.3406 0.9202
vn 0.1746 0.9604 -0.2172
vn 0.1773 0.9594 -0.2196
vn 0.3064 -0.1529 -0.9396
vn 0.4152 -0.3970 -0.8185
vn -0.2520 -0.9470 -0.1993
vn -0.7265 0.2591 0.6364
vn -0.9951 0.0703 0.0696
vn -0.3682 -0.7755 0.5129
vn -0.4146 -0.7701 0.4848
vn -0.4370 -0.7883 0.4331
vn 0.2589 0.2987 -0.9185
vn -0.7831 -0.3490 0.5148
vn -0.9527 0.0102 0.3037
vn -0.9427 0.0092 0.3336
vn -0.9584 -0.0321 0.2836
vn 0.4921 0.3378 0.8023
vn 0.6929 -0.6978 0.1818
vn 0.6574 -0.0565 0.7515
vn -0.1834 0.7766 0.6027
vn -0.1976 0.7506 0.6305
vn -0.4041 -0.5293 -0.7460
vn -0.8545 -0.1312 0.5026
vn -0.8328 -0.0035 0.5535
vn -0.3793 0.2008 0.9032
vn -0.4155 0.1938 0.8887
vn -0.9317 0.0093 0.3630
vn -0.5317 0.6653 -0.5241
vn -0.5281 0.1363 0.8382
vn 0.4012 -0.3712 -0.8374
vn -0.0996 -0.9313 0.3503
vn -0.3971 -0.8961 0.1983
vn -0.4271 -0.8696 0.2478
vn -0.3543 -0.9052 0.2347
vn -0.3987 0.1347 -0.9071
vn -0.2760 0.0350 0.9605
vn -0.2207 0.0384 0.9746
vn -0.2173 0.3485 0.9118
vn -0.2333 0.7428 0.6276
vn -0.2073 0.7432 0.6362
vn -0.1411 0.4967 -0.8564
vn -0.1815 0.6396 -0.7469
vn -0.1808 0.6372 -0.7492
vn 0.2590 0.2986 -0.9185
vn 0.2613 0.2980 -0.9181
vn -0.7623 -0.3745 0.5278
vn 0.0718 0.0478 0.9963
vn -0.9416 0.0578 0.3316
vn 0.4624 -0.3660 0.8076
vn -0.2094 0.7024 -0.6803
vn -0.2317 0.7133 -0.6615
vn -0.2246 0.7028 -0.6750
vn -0.3728 -0.4894 -0.7884
vn -0.7558 -0.3880 0.5275
vn -0.6928 -0.1090 0.7129
vn -0.4034 0.3258 0.8550
vn -0.4702 -0.7907 0.3920
vn -0.5178 0.7719 0.3688
vn -0.5834 0.7246 0.3670
vn -0.4920 0.1625 0.8553
vn -0.3986 -0.0350 0.9165
vn -0.2004 0.9606 0.1926
vn -0.1993 0.9622 0.1855
vn -0.1941 0.9613 0.1954
vn -0.2162 -0.9710 -0.1020
vn -0.8590 -0.1509 0.4893
vn -0.8246 0.0396 0.5644
vn -0.3516 0.3137 0.8820
vn -0.3516 0.3136 0.8820
vn -0.1259 -0.6443 0.7543
vn -0.0028 -0.9206 -0.3904
vn -0.0849 -0.9409 -0.3277
vn -0.0000 -0.9615 -0.2748
vn -0.1910 0.3250 0.9262
vn -0.2483 0.7311 -0.6356
vn 0.9504 -0.0933 0.2968
vn 0.3450 -0.2782 -0.8964
vn -0.4108 -0.4431 -0.7968
vn -0.5799 0.1865 0.7930
vn -0.5714 0.1676 0.8034
vn -0.5716 0.1704 0.8026
vn -0.6227 0.2874 0.7278
vn 0.2486 -0.5499 0.7974
vn -0.0047 -0.9507 0.3100
vn -0.0028 -0.9202 -0.3915
vn -0.0000 1.0000 -0.0000
vn -0.0000 -0.9604 -0.2786
vn -0.0630 -0.9472 -0.3143
vn -0.4984 -0.8156 0.2937
vn -0.6937 -0.0742 0.7165
vn -0.4632 0.3717 0.8046
vn -0.6267 0.2977 0.7202
vn -0.1260 -0.6442 0.7544
vn -0.7357 -0.3025 0.6060
vn -0.0000 -0.6589 0.7522
vn -0.0885 -0.6424 0.7612
vn -0.2029 -0.6130 0.7635
vn -0.2030 -0.6130 0.7635
vn -0.0886 -0.6424 0.7612
vn -0.2105 -0.6108 0.7633
vn -0.2173 0.3484 0.9118
vn -0.2163 0.3622 0.9066
vn -0.2190 0.6897 -0.6902
vn 0.2980 -0.0772 -0.9514
vn 0.3964 -0.3537 -0.8472
vn -0.3420 -0.5594 -0.7551
vn -0.5767 -0.7608 -0.2977
vn -0.4213 -0.8264 -0.3736
vn -0.4551 -0.8150 -0.3586
vn -0.6879 -0.0720 0.7223
vn -0.6225 0.0291 0.7821
vn -0.6754 -0.0234 0.7371
vn -0.5523 0.6622 0.5064
vn -0.5834 0.7245 0.3670
vn -0.7365 0.5419 0.4050
vn 0.4128 -0.3450 -0.8429
vn -0.7416 -0.4025 -0.5367
vn -0.7388 -0.3671 -0.5651
vn -0.7436 -0.3848 -0.5468
vn -0.6890 -0.1354 0.7121
vn -0.6866 -0.1877 0.7023
vn -0.6142 -0.5349 0.5803
vn -0.1404 0.4942 -0.8579
vn 0.3760 -0.0576 -0.9248
vn -0.1768 -0.8825 -0.4358
vn -0.5676 0.4177 0.7094
vn -0.8485 -0.0408 0.5276
vn -0.5643 -0.7598 -0.3229
vn -0.6890 -0.1353 0.7121
vn -0.3765 0.5179 0.7681
vn -0.4939 0.6294 0.5999
vn -0.4709 0.6243 0.6233
vn -0.4822 0.6226 0.6163
vn -0.2066 0.9571 0.2032
vn 0.3348 -0.1036 -0.9366
vn -0.3428 -0.3957 -0.8520
vn -0.4471 -0.3721 -0.8134
vn -0.7354 -0.3602 -0.5739
vn -0.8555 -0.1104 0.5060
vn -0.7941 0.4347 0.4248
vn -0.4954 0.6286 0.5996
vn -0.4966 0.6153 0.6122
vn -0.4966 0.6160 0.6115
vn -0.1821 0.9633 0.1973
vn -0.1972 0.9559 0.2176
vn -0.2349 0.6754 -0.6990
vn -0.9970 -0.0312 -0.0715
vn -0.2522 -0.9637 -0.0877
vn -0.7237 0.1245 0.6788
vn -0.6890 -0.1353 0.7120
vn -0.7044 -0.0908 0.7040
vn -0.1708 0.7265 0.6656
vn -0.1896 0.9573 -0.2181
vn -0.2205 0.9464 -0.2359
vn -0.2095 0.9407 -0.2669
vn -0.9913 -0.0816 0.1034
vn -0.1416 -0.9231 -0.3576
vn -0.3714 0.7609 -0.5321
vn -0.2700 0.3024 -0.9142
vn -0.2952 0.2996 -0.9072
vn -0.2796 0.2984 -0.9126
vn -0.2495 0.2994 -0.9209
vn -0.2683 0.2841 -0.9205
vn -0.3870 -0.9215 -0.0321
vn -0.8662 -0.2966 0.4021
vn -0.9347 0.3179 -0.1591
vn -0.9668 0.1994 -0.1598
vn -0.9610 0.2257 -0.1599
vn -0.9416 0.0578 0.3317
vn -0.9317 0.0093 0.3631
vn -0.8840 0.0379 0.4659
vn -0.1753 0.9466 0.2707
vn -0.2408 0.9478 0.2090
vn -0.2521 0.9060 -0.3401
vn -0.2645 0.8579 -0.4404
vn -0.2473 0.9013 -0.3558
vn -0.2929 0.0318 0.9556
vn -0.7805 0.6117 -0.1292
vn -0.8049 0.5732 -0.1534
vn -0.8106 0.5635 -0.1594
vn -0.7506 -0.4061 -0.5212
vn -0.5181 -0.7793 -0.3525
vn -0.9298 -0.3596 0.0785
vn -0.9360 -0.3486 0.0492
vn -0.9286 -0.3509 0.1205
vn -0.3080 0.0303 0.9509
vn -0.4827 0.3088 0.8196
vn -0.4957 0.2890 0.8190
vn -0.4963 0.2865 0.8195
vn -0.4823 0.6160 0.6228
vn -0.4670 0.6212 0.6293
vn -0.4634 0.6202 0.6329
vn -0.9610 0.2256 -0.1599
vn -0.9836 0.0868 -0.1583
vn -0.8310 0.3764 0.4097
vn -0.3427 -0.4648 -0.8164
vn -0.9769 0.1363 0.1644
vn -0.8273 0.3960 0.3983
vn -0.2121 0.9547 0.2088
vn -0.2624 0.8572 -0.4431
vn -0.3466 -0.0602 -0.9361
vn -0.3259 -0.1123 -0.9387
vn -0.2903 -0.1038 -0.9513
vn -0.9389 -0.1310 -0.3182
vn -0.9398 -0.2993 0.1652
vn -0.2662 0.8651 -0.4251
vn -0.2616 -0.0844 -0.9615
vn -0.3008 -0.0771 -0.9506
vn -0.3082 -0.1433 -0.9405
vn -0.9027 -0.3729 0.2146
vn -0.9521 -0.2994 0.0622
vn -0.3037 0.0367 0.9521
vn -0.2926 0.0484 0.9550
vn -0.2929 0.0319 0.9556
vn -0.2543 -0.0870 -0.9632
vn -0.4792 -0.6523 0.5873
vn -0.2303 0.9352 -0.2688
vn -0.2654 0.8662 -0.4233
vn -0.2529 0.3026 -0.9189
vn -0.2358 0.2561 -0.9374
vn -0.8886 -0.3465 0.3004
vn -0.3540 0.0517 0.9338
vn -0.3510 0.0916 0.9319
vn -0.3203 0.0287 0.9469
vn -0.6489 0.1789 0.7395
vn -0.7026 -0.1245 0.7006
vn -0.6398 -0.3154 0.7009
vn -0.6557 -0.2945 0.6952
vn -0.4368 0.0530 0.8980
vn -0.5016 0.2962 0.8128
vn -0.2394 0.9038 -0.3548
vn -0.3451 0.0419 0.9376
vn -0.3832 -0.4880 0.7842
vn -0.7525 -0.6525 0.0895
vn -0.7399 0.6064 0.2912
vn -0.7224 0.6650 0.1896
vn -0.7160 0.6559 0.2391
vn -0.1876 0.9352 -0.3003
vn -0.5787 0.6592 -0.4802
vn -0.5178 0.6299 -0.5788
vn -0.4990 0.6697 -0.5500
vn -0.3197 -0.3762 -0.8697
vn -0.3044 -0.3640 -0.8802
vn -0.3376 -0.4189 -0.8429
vn -0.6737 0.7038 0.2255
vn -0.6570 0.7281 0.1958
vn -0.6639 0.6955 0.2747
vn -0.2791 -0.1101 -0.9539
vn -0.3316 -0.3986 -0.8551
vn -0.7525 -0.4007 -0.5227
vn -0.5135 -0.7811 -0.3552
vn -0.9621 -0.2452 0.1193
vn -0.8950 -0.0581 0.4422
vn -0.9830 -0.1598 -0.0908
vn -0.9834 -0.0544 -0.1729
vn -0.9830 -0.1531 -0.1014
vn -0.7525 0.0477 0.6568
vn -0.7578 0.0117 0.6524
vn -0.7097 -0.5175 0.4781
vn -0.7524 -0.4434 0.4871
vn -0.7764 -0.3953 0.4909
vn -0.6804 0.6347 0.3662
vn -0.7423 -0.0270 0.6695
vn -0.7432 -0.0579 0.6665
vn -0.6949 0.7044 0.1449
vn -0.2418 0.3125 -0.9186
vn -0.2343 -0.0864 -0.9683
vn -0.9145 -0.2895 0.2825
vn -0.8049 0.5732 -0.1535
vn -0.8266 0.5343 -0.1767
vn -0.6538 0.6454 0.3950
vn -0.7033 0.6955 0.1471
vn -0.7894 -0.3797 -0.4825
vn -0.7644 -0.4030 -0.5032
vn -0.7465 -0.4012 -0.5309
vn -0.7615 -0.4094 -0.5025
vn -0.6577 -0.2693 0.7035
vn -0.8079 -0.3216 0.4939
vn -0.9230 -0.3238 0.2077
vn -0.8724 -0.4388 0.2152
vn -0.9141 -0.3472 0.2095
vn -0.5825 0.6913 -0.4276
vn -0.4954 0.6285 0.5997
vn -0.4953 0.6292 0.5990
vn -0.5043 0.2829 0.8159
vn -0.9782 -0.2023 -0.0465
vn -0.6427 -0.2608 0.7203
vn -0.6223 0.0746 0.7793
vn -0.4837 0.2724 0.8318
vn -0.6614 0.5949 -0.4568
vn -0.2429 -0.0917 -0.9657
vn -0.5974 0.0552 0.8000
vn -0.6222 0.0745 0.7793
vn -0.1025 -0.4432 -0.8906
vn -0.9589 -0.2786 -0.0539
vn -0.6477 -0.2668 0.7136
vn -0.9331 0.3495 0.0842
vn -0.5906 0.6813 -0.4324
vn -0.6009 0.6850 -0.4119
vn -0.5226 0.0230 0.8523
vn -0.6004 0.3327 -0.7273
vn -0.5785 0.3144 -0.7526
vn -0.5735 0.3462 -0.7425
vn -0.5388 0.3236 -0.7778
vn -0.5226 0.2550 -0.8136
vn -0.6773 -0.4050 -0.6142
vn -0.9586 -0.2500 0.1360
vn -0.6448 -0.2679 0.7159
vn -0.9462 -0.2529 0.2017
vn -0.9696 0.1536 0.1906
vn -0.9647 0.1882 0.1842
vn -0.9745 0.2164 0.0592
vn -0.6700 0.6801 0.2974
vn 0.5378 0.8087 -0.2383
vn -0.9497 -0.2921 -0.1128
vn -0.4313 0.0237 0.9019
vn -0.6678 0.7404 0.0771
vn -0.6713 -0.1118 0.7327
vn -0.6735 0.7062 0.2184
vn -0.7743 -0.3935 -0.4957
vn -0.9788 -0.2050 -0.0037
vn -0.4449 0.0237 0.8952
vn -0.4313 0.0236 0.9019
vn -0.9839 0.1640 0.0705
vn -0.9466 0.2172 0.2385
vn -0.9652 0.2615 -0.0034
vn -0.9442 -0.3292 -0.0093
vn -0.9311 -0.2394 0.2752
vn -0.9956 -0.0825 -0.0436
vn -0.6761 0.7080 -0.2038
vn -0.6770 0.7042 -0.2139
vn -0.6653 0.7226 -0.1877
vn -0.7071 0.5903 -0.3894
vn -0.5365 -0.0142 -0.8438
vn -0.5479 -0.0523 -0.8349
vn -0.5168 -0.0968 -0.8506
vn -0.9335 -0.3107 -0.1788
vn -0.9268 -0.2454 0.2843
vn -0.4630 -0.0020 0.8864
vn -0.4577 -0.0505 0.8877
vn -0.5041 0.3674 -0.7816
vn -0.5542 -0.3540 -0.7534
vn -0.6079 -0.2861 -0.7407
vn -0.5909 -0.3891 -0.7066
vn -0.9309 0.2263 0.2866
vn -0.6635 0.7275 -0.1746
vn -0.6360 0.7606 -0.1309
vn -0.4757 -0.4471 -0.7575
vn -0.6168 0.7784 -0.1168
vn -0.6035 -0.3370 -0.7227
vn -0.9299 -0.2324 0.2852
vn -0.4645 0.0023 0.8856
vn -0.9650 0.1118 0.2371
vn -0.5813 0.2964 0.7578
vn -0.6468 0.2971 0.7024
vn -0.6389 0.2954 0.7103
vn -0.6477 0.3006 0.7001
vn -0.9305 0.3442 0.1249
vn -0.6885 0.7024 -0.1807
vn -0.4399 0.2662 0.8577
vn -0.5006 0.3104 0.8081
vn -0.5723 0.0279 -0.8195
vn -0.5835 -0.0900 -0.8071
vn -0.8382 -0.3562 -0.4130
vn -0.5421 -0.1109 -0.8330
vn -0.5429 -0.1104 -0.8325
vn -0.8670 -0.2488 0.4317
vn -0.9439 -0.3115 -0.1094
vn -0.9372 -0.2315 0.2607
vn -0.4480 -0.0185 0.8938
vn -0.4630 -0.0020 0.8863
vn -0.9563 -0.2881 0.0496
vn -0.9559 -0.2936 -0.0000
vn -0.3207 0.3476 0.8811
vn -0.4099 0.3037 0.8601
vn -0.8076 0.3760 0.4543
vn -0.8782 0.3980 0.2651
vn -0.8871 0.4134 0.2051
vn -0.8472 0.3437 -0.4051
vn -0.8592 0.2651 -0.4375
vn -0.5045 -0.1521 -0.8499
vn -0.9412 0.3373 0.0207
vn -0.9554 0.2560 0.1472
vn -0.4452 -0.4702 -0.7620
vn -0.9743 -0.1947 0.1131
vn -0.9684 -0.1623 0.1894
vn -0.4898 -0.0801 -0.8681
vn -0.4753 -0.1770 -0.8618
vn -0.9402 0.1150 0.3207
vn -0.8524 -0.3342 -0.4022
vn -0.9682 -0.2349 -0.0863
vn -0.9445 -0.2130 0.2500
vn -0.9494 -0.1346 0.2836
vn -0.9769 -0.0413 0.2098
vn -0.9627 -0.0044 0.2706
vn -0.4389 0.2220 0.8707
vn -0.9346 0.2768 0.2233
vn -0.9443 0.3034 0.1272
vn -0.8044 0.3737 0.4617
vn -0.9016 0.4089 -0.1414
vn -0.9003 0.4159 -0.1281
vn -0.9170 0.3849 -0.1046
vn -0.5275 0.7948 0.3002
vn -0.8929 0.4374 -0.1072
vn -0.8659 -0.3179 -0.3862
vn -0.9610 -0.1762 -0.2132
vn -0.9502 -0.2626 -0.1677
vn -0.9522 -0.2304 -0.2004
vn -0.9498 0.1904 0.2482
vn -0.6707 -0.0596 0.7393
vn -0.6674 -0.0622 0.7421
vn -0.6694 -0.0607 0.7404
vn -0.9434 -0.3156 -0.1018
vn -0.9671 -0.2406 -0.0827
vn -0.9714 -0.2227 0.0829
vn -0.9209 -0.1828 0.3444
vn -0.9443 0.3229 -0.0637
vn -0.8931 0.0324 -0.4486
vn -0.8836 -0.0861 -0.4603
vn -0.8943 0.0854 -0.4393
vn -0.8622 -0.1750 -0.4753
vn -0.6662 -0.0633 0.7431
vn -0.9163 -0.2362 -0.3236
vn -0.9305 0.3185 0.1808
vn -0.9789 -0.2040 -0.0134
vn -0.9173 -0.3582 -0.1739
vn -0.9818 -0.0250 0.1882
vn -0.9755 0.0356 0.2173
vn -0.9714 -0.2227 0.0828
vn -0.9695 -0.1130 0.2175
vn -0.9582 -0.0788 0.2750
vn -0.9502 -0.2626 -0.1678
vn -0.9162 -0.2362 -0.3236
vn -0.9021 -0.2507 -0.3511
vn -0.9187 0.3502 -0.1829
vn -0.9822 0.1714 -0.0773
vn -0.5301 -0.4431 -0.7229
vn -0.9765 -0.2094 -0.0510
vn -0.8859 -0.0696 -0.4585
vn -0.9679 -0.1029 0.2295
vn -0.9742 -0.2179 -0.0596
vn -0.9919 0.1174 -0.0480
vn -0.9959 -0.0880 0.0188
vn -0.9974 -0.0613 0.0372
vn -0.9896 0.0071 -0.1438
vn -0.9939 -0.0790 -0.0765
vn -0.9857 -0.1516 -0.0742
vn -0.9424 0.0372 0.3325
vt 0.921641 0.430410
vt 0.879838 0.390072
vt 0.938697 0.404284
vt 0.552715 0.804917
vt 0.580134 0.777976
vt 0.570982 0.791291
vt 0.492490 0.237619
vt 0.492195 0.237426
vt 0.492777 0.237427
vt 0.504836 0.225416
vt 0.495801 0.238981
vt 0.490514 0.223231
vt 0.521485 0.212823
vt 0.497773 0.198319
vt 0.486988 0.231783
vt 0.485355 0.191834
vt 0.521070 0.237469
vt 0.494991 0.169586
vt 0.482875 0.171365
vt 0.520369 0.222019
vt 0.512466 0.181649
vt 0.491888 0.238833
vt 0.492230 0.238328
vt 0.492718 0.238060
vt 0.484520 0.268008
vt 0.469212 0.214612
vt 0.531578 0.188948
vt 0.740864 0.814915
vt 0.748168 0.824962
vt 0.713566 0.818650
vt 0.717451 0.834019
vt 0.454234 0.398947
vt 0.472607 0.384694
vt 0.474351 0.408270
vt 0.515521 0.432092
vt 0.509549 0.424186
vt 0.536208 0.408124
vt 0.490750 0.451477
vt 0.523325 0.434731
vt 0.522991 0.397383
vt 0.510917 0.400695
vt 0.488590 0.419619
vt 0.491537 0.399447
vt 0.536235 0.375386
vt 0.546886 0.382163
vt 0.552438 0.397731
vt 0.862093 0.832763
vt 0.857954 0.824425
vt 0.878106 0.832998
vt 0.846705 0.798683
vt 0.831535 0.764411
vt 0.884675 0.856290
vt 0.826336 0.832838
vt 0.822666 0.756719
vt 0.819578 0.787573
vt 0.802685 0.823607
vt 0.918419 0.742471
vt 0.880783 0.734139
vt 0.431867 0.494955
vt 0.394364 0.492585
vt 0.420278 0.489628
vt 0.387907 0.540286
vt 0.384157 0.483089
vt 0.897101 0.731899
vt 0.526331 0.377976
vt 0.498727 0.484001
vt 0.547524 0.360469
vt 0.359919 0.484919
vt 0.824738 0.731112
vt 0.808608 0.738486
vt 0.799474 0.787776
vt 0.793567 0.782361
vt 0.464135 0.440129
vt 0.507016 0.506003
vt 0.432957 0.569564
vt 0.464210 0.472143
vt 0.796222 0.822986
vt 0.346546 0.550365
vt 0.339724 0.484971
vt 0.421891 0.481090
vt 0.382390 0.478311
vt 0.870454 0.705093
vt 0.538056 0.337705
vt 0.527545 0.347188
vt 0.509633 0.372921
vt 0.875308 0.713189
vt 0.457601 0.421439
vt 0.382628 0.465731
vt 0.833126 0.899880
vt 0.552258 0.336959
vt 0.501419 0.358395
vt 0.507445 0.339448
vt 0.354051 0.457736
vt 0.850129 0.680536
vt 0.779112 0.774965
vt 0.790149 0.795546
vt 0.843524 0.906749
vt 0.820547 0.913934
vt 0.491588 0.376841
vt 0.446845 0.448103
vt 0.277390 0.512102
vt 0.823664 0.648901
vt 0.828857 0.918181
vt 0.490079 0.352739
vt 0.517939 0.323678
vt 0.276834 0.545516
vt 0.318278 0.565755
vt 0.755695 0.770063
vt 0.457299 0.373705
vt 0.264579 0.515154
vt 0.802501 0.624464
vt 0.795858 0.632704
vt 0.830556 0.935538
vt 0.496150 0.329911
vt 0.336024 0.436475
vt 0.323507 0.430054
vt 0.268467 0.486695
vt 0.742586 0.717827
vt 0.769683 0.716688
vt 0.735251 0.744128
vt 0.606049 0.072790
vt 0.655387 0.043729
vt 0.703229 0.090519
vt 0.780144 0.897488
vt 0.796626 0.913974
vt 0.783929 0.906935
vt 0.796096 0.901527
vt 0.790715 0.929751
vt 0.770499 0.914360
vt 0.773592 0.863010
vt 0.555692 0.314833
vt 0.532884 0.307091
vt 0.420132 0.443101
vt 0.243587 0.472521
vt 0.829514 0.600706
vt 0.770573 0.645929
vt 0.769877 0.642998
vt 0.776412 0.791427
vt 0.798378 0.920719
vt 0.798072 0.921213
vt 0.797418 0.919678
vt 0.800141 0.920268
vt 0.447545 0.377721
vt 0.438918 0.404459
vt 0.680303 0.035765
vt 0.758943 0.053313
vt 0.767784 0.938222
vt 0.792418 0.932507
vt 0.798069 0.921448
vt 0.798496 0.920886
vt 0.799085 0.920450
vt 0.426690 0.430112
vt 0.237038 0.458295
vt 0.785336 0.832958
vt 0.763877 0.924245
vt 0.648273 0.163627
vt 0.731191 0.652126
vt 0.748446 0.691599
vt 0.555803 0.155208
vt 0.758747 0.602334
vt 0.744750 0.714352
vt 0.765450 0.885527
vt 0.816819 0.938466
vt 0.177406 0.509952
vt 0.197609 0.538463
vt 0.233975 0.583595
vt 0.743207 0.644123
vt 0.506531 0.308712
vt 0.464685 0.347920
vt 0.397223 0.415950
vt 0.343211 0.413902
vt 0.375908 0.403570
vt 0.755573 0.877176
vt 0.343767 0.385379
vt 0.585771 0.218284
vt 0.682469 0.135625
vt 0.719132 0.112249
vt 0.751596 0.874700
vt 0.219656 0.444478
vt 0.628876 0.188520
vt 0.707554 0.718520
vt 0.690293 0.832961
vt 0.694519 0.845562
vt 0.739581 0.832401
vt 0.753234 0.886374
vt 0.756424 0.907931
vt 0.790882 0.963224
vt 0.169870 0.473863
vt 0.752167 0.837507
vt 0.318545 0.418108
vt 0.238537 0.435704
vt 0.788581 0.075231
vt 0.844000 0.033517
vt 0.716350 0.581655
vt 0.710541 0.589836
vt 0.715961 0.648932
vt 0.732136 0.749979
vt 0.739723 0.926407
vt 0.750841 0.940525
vt 0.764055 0.952484
vt 0.537835 0.296231
vt 0.292390 0.419872
vt 0.758737 0.098808
vt 0.814442 0.056386
vt 0.722438 0.670062
vt 0.835552 0.952730
vt 0.471506 0.321841
vt 0.689166 0.662527
vt 0.710321 0.793125
vt 0.446731 0.346450
vt 0.733988 0.541489
vt 0.708123 0.726388
vt 0.702891 0.143967
vt 0.382381 0.368198
vt 0.091911 0.486508
vt 0.730278 0.842144
vt 0.708358 0.900029
vt 0.735948 0.891521
vt 0.748598 0.969812
vt 0.455083 0.343554
vt 0.100133 0.509960
vt 0.703095 0.596593
vt 0.713331 0.855930
vt 0.843576 0.973610
vt 0.519638 0.291434
vt 0.620949 0.269120
vt 0.664575 0.652963
vt 0.412547 0.347083
vt 0.704262 0.537499
vt 0.694371 0.727902
vt 0.311686 0.389061
vt 0.114336 0.453708
vt 0.153065 0.447956
vt 0.725853 0.157113
vt 0.858291 0.082869
vt 0.657640 0.740992
vt 0.735207 0.945906
vt 0.494609 0.295019
vt 0.479571 0.307330
vt 0.206728 0.404909
vt 0.677729 0.625106
vt 0.733873 0.910560
vt 0.671200 0.671215
vt 0.698382 0.858948
vt 0.079910 0.449572
vt 0.675067 0.854922
vt 0.653383 0.734289
vt 0.680000 0.812787
vt 0.454866 0.312358
vt 0.590081 0.299432
vt 0.541061 0.260282
vt 0.871387 0.044075
vt 0.857100 0.024654
vt 0.625541 0.672874
vt 0.297580 0.852551
vt 0.323895 0.829644
vt 0.319482 0.877767
vt 0.303639 0.359944
vt 0.695061 0.195389
vt 0.643532 0.658329
vt 0.663500 0.765846
vt 0.713394 0.880799
vt 0.385591 0.344143
vt 0.564588 0.332613
vt 0.667020 0.230150
vt 0.673359 0.566715
vt 0.652938 0.852069
vt 0.719704 0.954371
vt 0.339777 0.932443
vt 0.304164 0.893563
vt 0.314432 0.934709
vt 0.510657 0.282100
vt 0.212136 0.369589
vt 0.633119 0.690696
vt 0.715594 0.948872
vt 0.787010 0.167959
vt 0.885736 0.065126
vt 0.657618 0.593377
vt 0.631562 0.866554
vt 0.698265 0.900052
vt 0.330957 0.355268
vt 0.681896 0.869578
vt 0.723885 0.963626
vt 0.709299 0.959866
vt 0.636674 0.749474
vt 0.646984 0.823846
vt 0.672991 0.839242
vt 0.248423 0.367191
vt 0.856416 0.096753
vt 0.619870 0.759698
vt 0.711951 0.940968
vt 0.196452 0.374502
vt 0.552848 0.355496
vt 0.591675 0.355864
vt 0.725001 0.184784
vt 0.057332 0.378734
vt 0.087889 0.377489
vt 0.823234 0.138128
vt 0.667742 0.524187
vt 0.609122 0.673218
vt 0.681792 0.872458
vt 0.720423 0.929030
vt 0.702907 0.952432
vt 0.456528 0.269251
vt 0.685532 0.248675
vt 0.596929 0.619131
vt 0.590101 0.610303
vt 0.290518 0.912699
vt 0.304704 0.940502
vt 0.044679 0.399238
vt 0.007956 0.444055
vt 0.593496 0.393356
vt 0.129462 0.379377
vt 0.025881 0.417236
vt 0.636231 0.514108
vt 0.634320 0.860837
vt 0.650495 0.868948
vt 0.726596 0.980470
vt 0.425849 0.275264
vt 0.738011 0.204306
vt 0.848587 0.144958
vt 0.608411 0.769042
vt 0.606145 0.763396
vt 0.598300 0.797297
vt 0.509068 0.268448
vt 0.277123 0.869315
vt 0.382587 0.302292
vt 0.921603 0.098341
vt 0.548802 0.556432
vt 0.585424 0.687011
vt 0.567807 0.679448
vt 0.696484 0.923288
vt 0.618932 0.377160
vt 0.754074 0.200988
vt 0.595085 0.701971
vt 0.685637 0.896917
vt 0.690057 0.908936
vt 0.692432 0.966947
vt 0.688703 0.964460
vt 0.297399 0.319098
vt 0.652678 0.341209
vt 0.474351 0.180090
vt 0.368356 0.277004
vt 0.377608 0.273398
vt 0.017085 0.361152
vt 0.553184 0.635830
vt 0.599100 0.815347
vt 0.453970 0.229563
vt 0.545260 0.500302
vt 0.512288 0.255676
vt 0.524661 0.167571
vt 0.113554 0.344086
vt 0.706412 0.279321
vt 0.916282 0.138547
vt 0.937219 0.113454
vt 0.477078 0.149515
vt 0.450180 0.190538
vt 0.727846 0.243105
vt 0.674462 0.970560
vt 0.565231 0.714233
vt 0.533937 0.154228
vt 0.497177 0.156536
vt 0.330531 0.277267
vt 0.292124 0.279616
vt 0.186317 0.331288
vt 0.506744 0.510663
vt 0.542513 0.712863
vt 0.587130 0.777321
vt 0.594116 0.836246
vt 0.634062 0.882129
vt 0.541249 0.214900
vt 0.060589 0.300034
vt 0.657097 0.916431
vt 0.685168 0.934464
vt 0.543041 0.682851
vt 0.685022 0.949872
vt 0.667996 0.952384
vt 0.377562 0.237067
vt 0.590582 0.868797
vt 0.680510 0.972910
vt 0.054792 0.299704
vt 0.181130 0.288655
vt 0.751764 0.300861
vt 0.807377 0.228283
vt 0.540097 0.722760
vt 0.544730 0.731639
vt 0.580666 0.750870
vt 0.589248 0.835666
vt 0.658368 0.911662
vt 0.254109 0.898993
vt 0.546317 0.188587
vt 0.447950 0.178032
vt 0.517010 0.144338
vt 0.258563 0.281921
vt 0.894113 0.166570
vt 0.519989 0.657799
vt 0.673904 0.916921
vt 0.440733 0.196939
vt 0.435170 0.196600
vt 0.967054 0.131950
vt 0.572085 0.874692
vt 0.252590 0.847089
vt 0.647740 0.402197
vt 0.518763 0.684636
vt 0.583194 0.878936
vt 0.585874 0.888806
vt 0.247636 0.870337
vt 0.017072 0.309261
vt 0.204841 0.908296
vt 0.183777 0.924958
vt 0.169999 0.920138
vt 0.876484 0.187957
vt 0.490544 0.125985
vt 0.463986 0.159064
vt 0.005000 0.314067
vt 0.453779 0.602637
vt 0.502608 0.684162
vt 0.110041 0.296414
vt 0.919759 0.203668
vt 0.995000 0.149514
vt 0.250930 0.852281
vt 0.250927 0.852014
vt 0.250757 0.851980
vt 0.680223 0.974592
vt 0.680155 0.974134
vt 0.476527 0.136099
vt 0.438577 0.161477
vt 0.136199 0.292832
vt 0.734449 0.314138
vt 0.856829 0.212047
vt 0.479945 0.556471
vt 0.250904 0.852926
vt 0.525872 0.127389
vt 0.633831 0.477307
vt 0.552450 0.739841
vt 0.679599 0.974013
vt 0.679685 0.974099
vt 0.679250 0.982497
vt 0.290313 0.242304
vt 0.979113 0.174721
vt 0.519548 0.736964
vt 0.662391 0.940997
vt 0.663490 0.958989
vt 0.426377 0.160312
vt 0.828905 0.243279
vt 0.659834 0.927235
vt 0.229386 0.904240
vt 0.405460 0.201682
vt 0.373786 0.207877
vt 0.329681 0.201994
vt 0.056329 0.264834
vt 0.677680 0.425628
vt 0.550408 0.769713
vt 0.006257 0.280109
vt 0.606363 0.908267
vt 0.501366 0.119954
vt 0.439678 0.147448
vt 0.453213 0.632683
vt 0.492264 0.688699
vt 0.626255 0.918647
vt 0.199792 0.893826
vt 0.164129 0.895204
vt 0.181851 0.913868
vt 0.180781 0.914096
vt 0.662853 0.443717
vt 0.767404 0.316518
vt 0.653530 0.958213
vt 0.182850 0.913763
vt 0.181211 0.913810
vt 0.166482 0.916640
vt 0.504076 0.110175
vt 0.595098 0.912995
vt 0.181467 0.913491
vt 0.055720 0.217638
vt 0.812356 0.263822
vt 0.955761 0.202463
vt 0.445445 0.137629
vt 0.787884 0.292208
vt 0.435789 0.670450
vt 0.548514 0.837960
vt 0.713488 0.382382
vt 0.482853 0.687417
vt 0.467338 0.732493
vt 0.501644 0.752650
vt 0.364905 0.175663
vt 0.253789 0.201768
vt 0.747814 0.340791
vt 0.452903 0.655522
vt 0.493457 0.754327
vt 0.179669 0.223952
vt 0.015093 0.203029
vt 0.291068 0.199729
vt 0.125628 0.933843
vt 0.434367 0.136973
vt 0.655751 0.493263
vt 0.706878 0.447674
vt 0.459404 0.767603
vt 0.572487 0.888285
vt 0.181659 0.200234
vt 0.201400 0.203927
vt 0.113327 0.243397
vt 0.207199 0.861705
vt 0.415419 0.607045
vt 0.353333 0.151759
vt 0.318230 0.176670
vt 0.459154 0.118976
vt 0.933299 0.232809
vt 0.078176 0.209412
vt 0.784929 0.361214
vt 0.531429 0.804616
vt 0.147956 0.200922
vt 0.722478 0.509097
vt 0.707532 0.520543
vt 0.471751 0.766764
vt 0.593388 0.920260
vt 0.588416 0.918147
vt 0.556841 0.902274
vt 0.567037 0.929847
vt 0.122378 0.198892
vt 0.123530 0.924317
vt 0.462653 0.093379
vt 0.292826 0.174688
vt 0.054563 0.171700
vt 0.819216 0.362927
vt 0.899981 0.286635
vt 0.601380 0.964848
vt 0.174360 0.828537
vt 0.195458 0.169267
vt 0.853850 0.335303
vt 0.408680 0.713927
vt 0.106750 0.933876
vt 0.540697 0.867825
vt 0.265249 0.141122
vt 0.739966 0.470622
vt 0.456645 0.793116
vt 0.435799 0.109803
vt 0.297791 0.141171
vt 0.943061 0.261469
vt 0.991575 0.267267
vt 0.383915 0.750128
vt 0.091039 0.949863
vt 0.402424 0.126958
vt 0.536295 0.915906
vt 0.421562 0.098989
vt 0.058767 0.147478
vt 0.783124 0.414374
vt 0.871581 0.319013
vt 0.415197 0.766468
vt 0.546037 0.940824
vt 0.126739 0.155865
vt 0.750281 0.547113
vt 0.774889 0.498390
vt 0.521645 0.950960
vt 0.396665 0.108172
vt 0.190174 0.151301
vt 0.111300 0.887453
vt 0.533479 0.890918
vt 0.196307 0.130970
vt 0.936913 0.321013
vt 0.093330 0.913570
vt 0.325415 0.112960
vt 0.295256 0.133720
vt 0.138245 0.131778
vt 0.822556 0.486487
vt 0.456315 0.828838
vt 0.073038 0.941995
vt 0.796914 0.513616
vt 0.907581 0.355836
vt 0.354415 0.091994
vt 0.173946 0.130615
vt 0.845504 0.376327
vt 0.456264 0.869011
vt 0.076616 0.913025
vt 0.322079 0.103299
vt 0.386215 0.075213
vt 0.349029 0.082085
vt 0.984320 0.313569
vt 0.452127 0.849270
vt 0.445733 0.070389
vt 0.369814 0.797536
vt 0.397602 0.816169
vt 0.350168 0.078276
vt 0.375410 0.069360
vt 0.209867 0.093701
vt 0.208920 0.106955
vt 0.138169 0.076768
vt 0.065782 0.094122
vt 0.305022 0.077292
vt 0.508216 0.947668
vt 0.847814 0.447199
vt 0.860064 0.423613
vt 0.970587 0.351952
vt 0.448865 0.889688
vt 0.455042 0.925942
vt 0.494484 0.983946
vt 0.464673 0.995000
vt 0.404759 0.063309
vt 0.328993 0.077571
vt 0.245837 0.066455
vt 0.370194 0.062553
vt 0.446789 0.886450
vt 0.356594 0.831205
vt 0.435821 0.909736
vt 0.878167 0.521665
vt 0.225844 0.056511
vt 0.151498 0.040902
vt 0.393608 0.907002
vt 0.340262 0.022959
vt 0.342692 0.848542
vt 0.422967 0.948328
vt 0.414876 0.973229
vt 0.195863 0.050379
vt 0.958048 0.374480
vt 0.322404 0.871923
vt 0.908477 0.468480
vt 0.271176 0.005000
vt 0.967742 0.489405
vt 0.360211 0.957400
s 1
f 92/1/1 189/2/2 53/3/3
s 0
f 484/4/4 384/5/4 433/6/4
f 59/7/5 58/8/5 60/9/5
s 1
f 61/10/6 62/11/7 64/12/8
f 56/13/9 61/10/10 63/14/11
f 63/14/12 61/10/13 64/12/14
f 66/15/15 64/12/8 62/11/7
f 63/14/12 64/12/14 65/16/16
f 62/11/17 61/10/18 395/17/19
f 67/18/20 63/14/11 375/19/21
s 0
f 61/10/22 56/13/22 71/20/22
s 1
f 63/14/11 65/16/23 375/19/21
f 56/13/9 63/14/11 68/21/24
f 63/14/11 67/18/20 68/21/24
s 0
f 62/11/25 60/9/25 66/15/25
f 60/9/26 58/8/26 66/15/26
s 1
f 66/15/27 58/8/28 70/22/29
f 58/23/30 59/24/31 70/22/32
f 70/22/33 59/24/34 62/11/35
s 0
f 59/24/36 60/9/36 62/11/36
s 1
f 66/15/27 70/22/29 339/25/37
s 0
f 70/22/38 62/11/38 339/25/38
s 1
f 64/12/14 66/15/39 54/26/40
f 61/10/18 71/20/41 395/17/19
f 55/27/42 56/13/43 68/21/44
f 111/28/45 110/29/46 112/30/47
f 110/29/48 109/31/49 112/30/50
f 125/32/51 194/33/52 140/34/53
f 130/35/54 137/36/55 131/37/56
f 129/38/57 130/35/57 134/39/57
s 0
f 137/36/58 130/35/58 129/38/58
f 136/40/59 137/36/59 132/41/59
s 1
f 132/41/60 137/36/61 133/42/62
f 131/37/56 137/36/55 136/40/63
s 0
f 134/39/64 130/35/64 131/37/64
f 132/41/65 133/42/65 166/43/65
s 1
f 131/37/66 136/40/67 160/44/68
f 133/42/62 137/36/61 129/38/69
f 131/37/70 138/45/71 139/46/72
f 131/37/66 160/44/68 138/45/73
f 134/39/74 131/37/70 139/46/72
f 149/47/75 144/48/76 145/49/77
f 144/48/76 143/50/78 145/49/77
f 145/49/77 143/50/78 146/51/79
f 149/47/75 145/49/77 150/52/80
f 152/53/81 144/48/82 149/47/83
f 148/54/84 146/51/85 142/55/86
f 144/48/82 152/53/81 147/56/87
f 146/51/85 143/50/88 142/55/86
f 142/55/86 143/50/88 147/56/87
f 143/50/88 144/48/82 147/56/87
f 127/57/89 145/49/77 162/58/90
f 154/59/91 153/60/92 156/61/93
f 176/62/94 153/60/95 154/59/96
f 153/60/92 155/63/97 156/61/93
f 141/64/98 127/57/99 162/58/100
f 136/40/101 163/65/102 160/44/103
f 150/66/104 129/38/105 134/39/106
f 128/67/107 138/45/73 160/44/68
f 155/63/97 153/60/92 157/68/108
f 162/58/90 145/49/77 146/51/79
f 146/51/109 148/54/110 151/69/111
s 0
f 201/70/112 159/71/112 158/72/112
s 1
f 136/40/101 132/41/113 163/65/102
s 0
f 129/38/114 170/73/114 133/42/114
s 1
f 153/60/95 176/62/94 157/68/115
f 176/62/94 145/74/77 127/75/89
f 129/38/105 150/66/104 167/76/116
f 150/66/80 145/74/77 167/76/117
f 148/54/110 201/70/118 151/69/111
f 142/55/86 147/56/87 184/77/119
f 176/62/94 168/78/120 180/79/121
s 0
f 166/43/122 133/42/122 140/34/122
s 1
f 140/34/123 133/42/124 170/73/125
f 145/74/77 176/62/94 167/76/117
s 0
f 154/59/126 156/61/126 171/80/126
s 1
f 155/63/127 161/81/128 156/61/129
f 157/68/130 176/62/131 180/79/121
f 162/58/132 146/51/79 187/82/133
f 201/70/134 148/54/84 142/55/86
f 185/83/135 160/44/136 186/84/137
f 132/41/138 166/43/139 173/85/140
f 167/76/117 176/62/94 154/59/96
f 171/80/141 156/61/142 161/81/143
s 0
f 155/63/144 157/68/144 161/81/144
s 1
f 141/64/98 162/58/100 165/86/145
s 0
f 159/71/146 201/70/146 184/77/146
s 1
f 152/53/147 149/47/148 150/52/104
f 140/34/123 170/73/149 178/87/150
f 171/80/141 161/81/143 175/88/151
s 0
f 162/58/152 187/82/152 165/86/152
s 1
f 187/82/133 146/51/79 151/69/111
f 184/77/153 201/70/154 142/55/86
f 152/53/147 150/52/104 139/89/155
f 150/66/104 134/39/106 139/46/155
f 138/45/156 128/67/156 181/90/156
f 160/44/136 163/65/157 186/84/137
f 163/65/158 132/41/159 173/85/160
f 177/91/161 169/92/162 173/85/163
f 161/81/143 183/93/164 175/88/151
f 187/82/133 151/69/111 192/94/165
f 201/70/166 158/72/167 126/95/168
f 128/67/169 160/44/170 185/83/171
f 129/38/105 167/76/116 170/73/172
s 0
f 159/71/173 179/96/173 158/72/173
s 1
f 139/89/174 138/97/175 190/98/176
f 191/99/177 173/85/178 166/43/179
f 167/76/116 174/100/180 170/73/172
f 168/78/120 182/101/181 180/79/121
f 186/84/182 173/85/163 169/92/162
f 140/34/53 178/87/183 125/32/51
f 154/59/96 171/80/184 167/76/117
f 192/94/165 151/69/111 123/102/185
f 177/91/186 173/85/178 191/99/177
f 123/102/185 151/69/111 201/70/118
f 152/53/147 139/89/155 147/56/187
f 138/97/175 181/103/188 190/98/176
f 186/84/182 163/65/189 173/85/190
f 191/99/177 228/104/191 177/91/186
f 178/87/192 170/73/172 174/100/180
f 128/67/169 185/83/171 181/90/193
s 0
f 193/105/194 186/84/194 169/92/194
s 1
f 166/43/195 140/34/196 194/33/197
f 183/93/198 161/81/199 157/68/200
f 168/78/120 195/106/201 182/101/181
f 168/78/120 188/107/202 195/106/201
f 176/62/94 127/75/89 168/78/120
s 0
f 127/57/203 141/64/203 165/86/203
f 179/96/204 159/71/204 184/77/204
s 1
f 169/92/205 177/91/206 228/104/207
f 166/43/195 194/33/197 191/99/208
f 201/70/166 126/95/168 198/108/209
s 0
f 209/109/210 194/33/210 125/32/210
s 1
f 124/110/211 182/101/181 195/106/201
s 0
f 217/111/212 123/102/212 122/112/212
f 181/103/213 120/113/213 190/98/213
s 1
f 199/114/214 169/92/205 228/104/207
f 167/76/215 171/80/184 175/88/216
f 175/88/151 183/93/164 202/115/217
f 202/115/217 183/93/164 231/116/218
f 196/117/219 180/79/121 182/101/181
f 226/118/220 197/119/221 218/120/222
f 218/120/222 197/119/221 201/70/166
f 158/72/223 179/96/224 126/95/225
f 196/117/219 182/101/181 124/110/211
f 127/121/89 165/122/226 200/123/227
s 0
f 222/124/228 206/125/228 204/126/228
f 206/125/229 222/124/229 205/127/229
s 1
f 212/128/230 207/129/231 204/126/232
f 204/126/232 206/125/233 212/128/230
f 119/130/234 139/89/155 190/98/235
f 120/131/236 181/90/237 185/83/171
f 185/83/238 193/105/239 115/132/240
f 185/83/238 186/84/241 193/105/239
f 216/133/242 167/76/215 175/88/216
f 210/134/243 196/117/219 124/110/211
f 168/78/120 127/75/89 188/107/202
f 187/82/244 192/94/245 203/135/246
f 122/112/247 118/136/248 229/137/249
f 126/95/225 179/96/224 211/138/250
f 214/139/251 213/140/251 215/141/252
f 213/140/253 212/128/254 215/141/255
f 215/141/256 212/128/254 206/125/233
f 206/125/257 205/127/258 208/142/259
f 205/127/260 119/130/234 190/98/235
f 244/143/261 178/87/262 233/144/263
f 178/87/192 174/100/180 233/144/263
f 174/100/264 167/76/215 216/133/242
f 187/145/244 203/146/246 200/123/227
f 122/112/265 123/102/185 118/136/266
f 118/136/267 123/102/185 201/70/118
f 218/120/222 201/70/166 198/108/209
f 227/147/268 212/128/269 223/148/270
s 0
f 212/128/271 213/140/271 220/149/271
s 1
f 213/150/272 214/151/273 220/149/274
f 220/149/274 214/151/273 208/142/275
f 214/151/276 215/141/277 208/142/278
f 215/141/279 206/125/257 208/142/259
s 0
f 244/143/280 125/32/280 178/87/280
s 1
f 174/100/180 121/152/281 233/144/263
f 196/117/219 210/134/282 221/153/283
f 165/122/226 187/145/244 200/123/227
f 242/154/284 184/77/285 119/130/286
f 184/77/287 147/56/187 139/89/155
f 220/149/288 208/142/289 212/128/269
f 209/109/290 125/32/291 244/143/292
f 121/152/293 174/100/264 216/133/242
f 192/94/245 123/102/294 203/135/246
f 198/108/295 126/95/225 211/138/250
f 207/129/231 212/128/230 236/155/296
f 175/88/216 202/115/297 216/133/242
f 127/121/89 200/123/227 253/156/298
f 203/135/246 123/102/294 217/111/299
f 118/136/267 201/70/118 116/157/300
f 116/157/301 201/70/302 117/158/303
s 0
f 201/70/304 197/119/304 117/158/304
s 1
f 179/96/305 184/77/306 242/154/307
f 223/148/270 212/128/269 208/142/289
f 188/159/202 127/121/89 253/156/298
f 217/111/308 122/112/309 239/160/310
f 225/161/311 197/119/312 226/118/313
f 205/127/314 222/124/315 248/162/316
f 230/163/317 208/142/318 205/127/260
f 183/93/198 157/68/130 231/116/319
f 180/79/121 196/117/219 221/153/283
f 184/77/287 139/89/155 119/130/234
f 119/130/320 205/127/321 248/162/322
f 228/104/191 191/99/177 194/33/323
f 245/164/324 124/110/211 234/165/325
f 195/106/201 188/107/202 238/166/326
f 229/137/249 118/136/248 235/167/327
f 118/136/248 116/157/328 235/167/327
f 199/114/329 261/168/330 193/105/331
f 275/169/332 194/33/323 209/109/333
f 124/110/211 245/164/324 210/134/243
f 124/110/211 195/106/201 234/165/325
f 179/96/305 242/154/307 211/138/334
f 236/155/296 212/128/230 227/147/335
f 230/163/317 205/127/260 190/98/235
f 185/83/336 115/132/337 120/131/338
f 199/114/329 193/105/331 169/92/339
f 216/133/242 202/115/297 240/170/340
f 202/115/297 237/171/341 240/170/340
f 240/170/340 237/171/341 262/172/342
f 157/68/130 180/79/121 231/116/319
f 234/165/325 195/106/201 238/166/326
s 0
f 114/173/343 119/130/343 248/162/343
s 1
f 115/132/344 193/105/331 261/168/330
f 121/152/293 216/133/242 240/170/340
f 262/172/345 237/171/346 103/174/347
f 188/159/202 253/156/298 238/175/326
f 246/176/348 253/156/298 200/123/227
f 246/176/348 200/123/227 241/177/349
f 239/160/310 122/112/309 229/137/350
f 197/119/351 225/161/352 117/158/353
f 110/29/354 211/138/334 242/154/307
f 114/173/355 251/178/356 119/130/357
f 208/142/358 230/163/359 223/148/360
f 259/179/361 221/153/283 210/134/282
f 238/175/326 253/156/298 107/180/362
f 239/160/310 229/137/350 235/167/363
f 226/118/220 218/120/222 250/181/364
f 109/31/49 108/182/365 112/30/50
f 108/182/365 109/31/49 269/183/366
f 109/31/367 110/29/368 270/184/369
f 251/178/370 242/154/284 119/130/286
s 0
f 248/162/371 274/185/371 114/173/371
s 1
f 204/126/372 207/129/373 222/124/315
f 207/129/373 113/186/374 248/162/316
f 227/147/375 223/148/360 279/187/376
f 230/163/317 190/98/235 120/113/377
f 275/169/378 209/109/290 244/143/292
f 210/134/243 245/164/324 249/188/379
f 242/154/307 257/189/380 110/29/354
f 228/104/191 194/33/323 275/169/332
f 237/171/341 202/115/297 252/190/381
f 259/179/361 258/191/382 221/153/283
f 104/192/383 203/146/246 106/193/384
f 96/194/385 239/160/310 247/195/386
f 116/157/328 267/196/387 235/167/327
f 260/197/388 218/120/389 198/108/390
f 211/138/391 110/29/46 111/28/45
f 248/162/392 113/186/393 298/198/394
f 113/186/395 207/129/396 298/198/397
f 271/199/398 227/147/375 255/200/399
f 255/200/399 227/147/375 279/187/376
f 256/201/400 120/131/338 115/132/337
f 252/190/381 202/115/297 231/116/401
f 231/116/319 180/79/121 100/202/402
f 180/79/121 221/153/283 258/191/382
f 200/123/227 203/146/246 254/203/403
s 0
f 106/193/404 102/204/404 104/192/404
s 1
f 116/157/301 117/158/405 285/205/406
f 198/108/407 211/138/391 111/28/45
f 236/155/296 227/147/335 271/199/408
f 279/187/376 223/148/360 230/163/359
f 230/163/317 120/113/377 256/206/409
f 199/114/410 228/104/411 265/207/412
s 0
f 267/196/413 116/157/413 264/208/413
s 1
f 111/28/45 112/30/47 101/209/414
f 222/124/315 207/129/373 248/162/316
f 88/210/415 244/143/416 233/144/417
f 252/190/418 231/116/319 100/202/402
f 200/123/227 254/203/403 241/177/349
f 203/135/246 217/111/419 106/211/384
f 280/212/420 218/120/389 260/197/388
f 298/198/397 207/129/396 236/155/421
f 265/207/412 228/104/411 275/169/422
f 233/144/423 121/152/424 240/170/425
f 100/202/402 180/79/121 258/191/382
f 259/179/426 210/134/243 249/188/379
f 263/213/427 246/176/428 241/177/429
f 225/161/311 226/118/313 250/181/430
f 257/189/380 242/154/307 251/178/431
f 240/170/425 262/172/432 272/214/433
f 245/164/434 300/215/435 249/188/379
f 203/146/246 104/192/436 254/203/403
f 217/111/419 239/160/437 106/211/384
f 218/120/389 280/212/420 250/181/438
f 270/184/369 290/216/439 109/31/367
f 93/217/440 114/173/441 297/218/442
f 297/218/442 114/173/441 274/185/443
f 271/199/444 255/200/445 283/219/446
f 275/169/378 244/143/292 266/220/447
f 300/215/435 245/164/434 302/221/448
f 247/195/386 239/160/310 276/222/449
f 239/160/310 235/167/363 276/222/449
f 276/222/449 235/167/363 267/196/450
s 0
f 264/208/451 116/157/451 285/205/451
s 1
f 198/108/407 111/28/45 101/209/414
f 109/31/367 290/216/439 99/223/452
s 0
f 251/178/453 114/173/453 93/217/453
s 1
f 274/185/454 248/162/392 298/198/455
f 89/224/456 279/187/376 230/163/359
s 0
f 256/201/457 115/132/457 287/225/457
s 1
f 266/220/458 244/143/416 88/210/415
f 303/226/459 238/175/460 107/180/461
f 253/156/462 246/176/428 263/213/427
f 267/196/463 264/208/464 98/227/465
f 117/158/353 225/161/352 250/181/466
f 298/198/397 236/155/421 271/199/467
f 240/170/425 272/214/433 295/228/468
f 107/180/461 253/156/462 263/213/427
f 311/229/469 106/211/384 239/160/437
f 285/205/470 117/158/353 250/181/466
s 0
f 280/212/471 277/230/471 250/181/471
s 1
f 237/171/346 252/190/472 288/231/473
f 249/188/379 300/215/435 284/232/474
f 239/160/437 96/194/475 311/229/469
f 287/225/476 115/132/344 261/168/330
f 288/231/473 103/174/347 237/171/346
f 259/179/426 249/188/379 97/233/477
f 263/213/427 241/177/429 91/234/478
f 91/234/478 241/177/429 254/203/479
f 104/192/480 102/204/481 289/235/482
f 277/230/483 280/212/484 293/236/485
f 260/197/486 198/108/487 101/209/488
s 0
f 290/216/489 270/184/489 110/29/489
f 286/237/490 271/199/490 283/219/490
s 1
f 261/168/491 199/114/492 291/238/493
f 291/238/493 199/114/492 95/239/494
f 199/114/492 265/207/495 95/239/494
f 233/144/423 240/170/425 295/228/468
f 258/191/496 259/179/497 296/240/498
f 276/222/449 267/196/450 305/241/499
s 0
f 274/185/500 298/198/500 322/242/500
s 1
f 252/190/501 100/202/502 288/231/473
f 102/204/481 106/193/503 289/235/482
f 264/208/504 94/243/505 98/227/465
f 109/31/367 99/223/452 269/183/506
f 269/183/506 99/223/452 299/244/507
f 110/29/354 257/189/380 290/216/508
f 233/144/423 295/228/468 88/210/509
f 97/233/477 249/188/379 284/232/474
f 284/232/474 300/215/435 292/245/510
f 101/209/511 112/30/512 108/182/513
f 108/182/514 269/183/515 294/246/516
f 272/214/517 262/172/518 103/174/519
s 0
f 293/236/520 343/247/520 277/230/520
s 1
f 318/248/521 101/209/511 108/182/513
f 287/225/476 261/168/330 291/238/522
s 0
f 328/249/523 266/220/523 88/210/523
s 1
f 302/221/448 245/164/434 234/165/524
f 301/250/525 234/251/524 303/226/459
f 234/251/524 238/175/460 303/226/459
f 310/252/526 106/193/503 311/253/527
f 305/241/528 267/196/529 98/227/530
f 317/254/531 98/227/465 94/243/505
f 283/255/446 255/256/445 279/257/532
f 265/207/533 275/169/534 266/220/535
f 103/174/347 288/231/473 355/258/536
f 263/213/427 91/234/478 309/259/537
f 91/234/478 254/203/479 104/192/480
f 305/241/528 98/227/530 316/260/538
f 293/236/485 280/212/484 321/261/539
f 257/189/380 251/178/431 87/262/540
f 89/224/541 230/163/317 256/206/409
f 295/228/468 272/214/433 84/263/542
f 302/264/448 234/251/524 301/250/525
f 107/180/461 304/265/543 303/226/459
f 289/235/482 106/193/503 310/252/526
f 320/266/544 247/195/545 276/222/546
f 98/227/530 317/254/547 316/260/538
f 108/182/514 294/246/516 327/267/548
s 0
f 283/219/549 90/268/549 286/237/549
s 1
f 279/257/532 89/269/550 313/270/551
f 89/269/550 307/271/552 313/270/551
f 89/272/541 256/201/409 287/225/553
f 258/191/496 296/240/498 314/273/554
f 317/254/531 94/243/505 312/274/555
f 285/205/556 250/181/557 264/208/558
f 286/237/559 90/268/560 319/275/561
f 272/214/517 103/174/519 355/258/562
f 107/180/461 263/213/427 309/259/537
f 91/234/478 104/192/480 315/276/563
f 289/235/482 310/252/526 81/277/564
f 96/194/565 247/195/545 320/266/544
f 333/278/566 276/222/567 305/241/568
f 250/181/557 277/230/569 264/208/558
f 260/197/486 101/209/488 318/248/570
f 294/246/516 349/279/571 327/267/548
f 251/178/572 93/217/573 380/280/574
f 297/218/575 274/185/576 322/242/577
f 279/257/532 313/270/551 283/255/446
f 339/25/578 291/238/579 95/239/580
f 339/25/578 95/239/580 265/207/533
f 272/214/517 355/258/562 85/281/581
f 107/180/461 309/259/537 304/265/543
f 320/266/544 311/229/582 96/194/565
f 321/261/539 280/212/484 318/248/570
f 294/246/583 269/183/584 323/282/585
f 269/183/584 299/244/586 323/282/585
f 90/268/587 306/283/588 361/284/589
f 265/207/533 266/220/535 339/25/578
f 339/25/578 266/220/535 328/249/590
f 284/232/474 292/245/510 97/233/477
s 0
f 293/236/591 86/285/591 343/247/591
s 1
f 280/212/484 260/197/486 318/248/570
f 318/248/592 108/182/593 50/286/594
f 108/182/593 282/287/595 50/286/594
s 0
f 299/244/596 99/223/596 323/282/596
s 1
f 290/216/508 257/189/380 99/223/597
f 99/223/597 257/189/380 87/262/540
f 251/178/598 380/280/599 87/262/600
f 84/263/601 272/214/517 85/281/581
f 288/231/473 100/202/502 355/258/536
f 355/258/536 100/202/502 326/288/602
f 347/289/603 289/235/482 81/277/564
f 334/290/604 86/285/605 293/236/606
s 0
f 282/287/607 108/182/607 327/267/607
s 1
f 298/198/608 271/199/609 286/237/559
f 286/237/559 319/275/561 335/291/610
s 0
f 90/268/611 283/219/611 306/283/611
s 1
f 326/288/602 100/202/502 258/191/496
f 296/240/498 379/292/612 314/273/554
f 296/240/613 259/179/426 379/292/614
f 300/293/615 302/264/616 83/294/617
f 315/276/563 104/192/480 289/235/482
f 298/198/608 286/237/559 335/291/610
f 287/225/553 291/238/579 89/272/541
f 309/259/618 91/234/478 325/295/619
f 292/245/510 376/296/620 351/297/621
f 336/298/622 289/235/482 347/289/603
f 311/229/582 320/266/544 310/299/623
f 320/266/544 276/222/567 333/278/566
f 82/300/624 305/241/568 316/260/625
f 293/236/626 321/261/627 334/290/628
s 0
f 367/301/629 323/282/629 99/223/629
s 1
f 298/198/630 335/291/631 324/302/632
f 90/268/633 361/284/634 337/303/635
f 381/304/636 339/25/578 328/249/590
f 97/233/477 292/245/510 351/297/621
f 303/226/637 304/265/638 356/305/639
f 333/278/566 310/299/623 320/266/544
f 333/278/566 352/306/640 330/307/641
f 352/306/640 333/278/566 305/241/568
f 307/271/642 400/308/643 313/270/644
f 338/309/645 400/308/643 307/271/642
f 326/288/602 258/191/496 314/273/554
f 376/296/620 292/245/510 79/310/646
f 292/245/647 300/215/615 75/311/648
f 75/312/648 300/293/615 83/294/617
f 352/306/640 305/241/568 82/300/624
f 264/208/558 277/230/569 94/243/649
f 282/287/650 327/267/651 50/286/652
f 291/238/579 339/25/578 89/272/541
f 259/179/426 97/233/477 379/292/614
f 379/292/614 97/233/477 329/313/653
f 292/245/510 341/314/654 79/310/646
f 315/276/655 289/235/482 336/298/622
f 310/299/623 333/278/566 81/315/656
s 0
f 348/316/657 327/267/657 349/279/657
s 1
f 323/282/585 80/317/658 294/246/583
f 306/283/659 283/219/660 350/318/661
f 329/313/653 97/233/477 351/297/621
f 356/305/639 304/265/662 309/259/618
f 94/243/649 277/230/569 312/274/663
f 349/279/664 294/246/583 80/317/658
s 0
f 80/317/665 323/282/665 367/301/665
s 1
f 369/319/666 88/210/667 295/228/668
f 309/259/618 325/295/619 332/320/669
f 347/289/670 81/277/671 357/321/672
f 277/230/569 343/247/673 312/274/663
s 0
f 334/290/674 344/322/674 345/323/674
s 1
f 344/322/675 366/324/676 345/323/677
f 334/290/628 321/261/678 344/322/679
f 93/217/680 297/218/575 322/242/577
s 0
f 298/198/681 324/302/681 93/217/681
s 1
f 307/325/682 89/272/541 339/25/578
f 332/320/669 325/295/619 91/234/478
f 344/322/679 321/261/678 318/248/683
f 327/267/651 348/316/684 50/286/652
f 367/301/685 99/223/686 87/262/687
s 0
f 322/242/688 298/198/688 93/217/688
s 1
f 350/326/661 283/255/660 313/270/644
f 295/228/668 84/263/689 331/327/690
f 81/277/671 362/328/691 357/321/672
f 81/315/656 333/278/566 359/329/692
f 316/260/625 317/254/693 82/300/624
f 76/330/694 377/331/695 82/300/696
f 324/302/697 335/291/698 364/332/699
f 90/268/700 337/303/701 319/275/702
f 341/314/703 292/245/647 75/311/648
f 302/264/704 301/250/705 365/333/706
f 373/334/707 332/320/669 91/234/478
f 373/334/707 91/234/478 315/276/563
f 317/254/708 312/274/709 371/335/710
f 87/262/600 380/280/599 360/336/711
f 380/280/712 93/217/713 363/337/714
f 368/338/715 49/339/716 361/284/717
f 350/326/661 313/270/644 400/308/643
f 369/319/666 295/228/668 331/327/690
f 85/281/718 355/258/719 354/340/720
f 301/250/705 303/226/637 358/341/721
f 356/305/639 309/259/618 332/320/669
f 336/298/722 347/289/670 357/321/672
f 359/329/692 333/278/566 330/307/723
f 82/300/696 317/254/724 76/330/694
f 317/254/708 371/335/710 76/330/725
f 87/262/687 360/336/726 367/301/685
f 337/303/635 361/284/634 49/339/727
f 375/19/21 65/16/23 390/342/728
f 328/249/729 88/210/667 369/319/666
f 331/327/730 46/343/731 378/344/732
f 341/314/733 393/345/734 79/310/646
f 83/294/735 302/264/704 365/333/706
f 330/307/641 352/306/640 370/346/736
f 318/248/683 50/286/737 48/347/738
f 64/12/14 54/26/40 65/16/16
f 339/25/37 381/304/739 43/348/740
f 331/327/730 84/263/741 46/343/731
f 46/343/731 84/263/741 85/281/718
f 83/294/617 365/333/742 75/312/648
f 362/349/743 81/315/656 359/329/692
f 324/302/697 364/332/699 93/217/744
f 361/284/589 306/283/745 350/318/746
f 307/325/747 339/25/748 338/350/749
f 74/351/750 55/27/42 68/21/44
f 372/352/751 329/313/752 351/297/753
f 303/226/637 356/305/639 398/353/754
f 389/354/755 362/328/691 382/355/756
f 339/25/748 62/11/757 338/350/749
f 375/19/758 396/356/759 67/18/760
f 390/342/761 65/16/762 401/357/763
f 332/320/669 373/334/707 399/358/764
f 357/321/672 362/328/691 389/354/755
f 344/322/679 318/248/683 48/347/738
f 363/337/765 93/217/744 364/332/699
f 49/339/716 368/338/715 414/359/766
f 398/353/754 356/305/639 332/320/669
f 394/360/767 76/330/725 371/335/710
f 312/274/768 343/247/769 371/335/770
f 371/335/770 343/247/769 86/285/771
f 62/11/772 395/17/773 338/350/774
f 55/27/775 74/351/776 374/361/777
f 68/21/778 67/18/779 44/362/780
f 65/16/762 54/26/781 401/357/763
f 54/26/782 66/15/27 339/25/37
f 381/304/783 328/249/729 369/319/666
f 46/343/731 85/281/718 415/363/784
f 85/281/718 354/340/720 407/364/785
f 379/292/786 39/365/787 314/273/788
f 376/296/620 79/310/646 393/345/734
f 399/358/764 398/353/789 332/320/669
f 382/366/790 362/349/743 359/329/692
f 76/330/725 394/360/767 412/367/791
f 345/323/792 403/368/793 384/5/794
f 50/286/737 45/369/795 48/347/738
f 349/279/796 80/317/797 385/370/798
f 80/317/797 367/301/685 385/370/798
f 56/13/799 55/27/800 411/371/801
f 74/351/802 68/21/778 44/362/780
f 54/26/782 339/25/37 43/348/740
f 369/319/666 331/327/690 378/344/803
f 372/352/751 351/297/753 446/372/804
f 352/306/640 82/300/624 370/346/736
f 344/322/805 48/347/806 366/324/676
f 385/370/798 367/301/685 360/336/726
f 380/280/599 386/373/807 360/336/711
f 364/332/699 335/291/698 387/374/808
f 446/372/804 351/297/753 376/296/809
f 377/331/695 76/330/694 388/375/810
f 388/375/810 76/330/694 412/367/811
f 387/374/812 335/291/813 319/275/702
f 319/275/702 337/303/701 47/376/814
f 337/303/635 49/339/727 47/376/815
f 47/376/815 49/339/727 36/377/816
f 46/343/817 392/378/818 378/344/819
f 329/313/752 372/352/751 39/365/820
f 393/345/821 341/314/822 75/311/823
f 365/333/706 301/250/705 358/341/721
f 358/341/721 303/226/637 398/353/754
f 357/321/672 315/276/824 336/298/722
f 45/369/825 50/286/652 41/379/826
f 414/359/766 368/338/715 404/380/827
f 415/363/784 85/281/718 407/364/785
f 379/292/828 329/313/752 39/365/820
f 417/381/829 376/296/620 393/345/734
f 371/335/770 86/285/830 334/290/831
f 387/374/812 319/275/702 47/376/814
f 368/338/832 361/284/589 350/318/746
f 326/288/833 314/273/788 397/382/834
f 397/382/834 314/273/788 39/365/787
f 446/372/804 376/296/809 417/381/835
f 399/358/836 373/334/837 402/383/838
f 402/383/838 373/334/837 315/276/824
f 315/276/824 357/321/672 422/384/839
f 82/300/624 377/331/840 370/346/736
f 370/346/736 377/331/840 388/375/841
f 444/385/842 412/367/791 394/360/767
f 413/386/843 394/360/844 371/335/845
f 345/323/846 42/387/847 334/290/831
f 45/369/848 41/379/849 409/388/850
f 41/379/826 50/286/652 348/316/684
f 360/336/711 386/373/807 40/389/851
f 49/339/727 414/359/852 36/377/816
f 400/308/853 338/309/854 405/390/855
f 411/371/801 55/27/800 35/391/856
f 35/391/857 55/27/775 374/361/777
f 390/342/858 401/357/859 406/392/860
f 402/383/838 315/276/824 422/384/839
f 409/388/850 366/324/676 48/347/806
f 409/388/850 48/347/806 45/369/848
f 349/279/861 41/379/826 348/316/684
f 368/338/832 350/318/746 404/380/862
f 442/393/863 374/361/777 74/351/776
f 74/351/802 44/362/780 442/393/864
f 354/340/865 355/258/866 408/394/867
f 419/395/868 357/321/672 389/354/755
f 370/346/736 388/375/841 425/396/869
f 380/280/712 363/337/714 410/397/870
f 459/398/871 401/357/872 54/26/873
f 54/26/782 43/348/740 459/398/871
s 0
f 459/398/874 43/348/874 455/399/874
s 1
f 392/378/818 46/343/817 415/363/875
f 407/364/876 354/340/865 408/394/867
f 326/288/833 397/382/834 408/394/867
f 398/353/877 399/358/836 402/383/838
f 389/354/878 382/355/879 38/400/880
f 409/388/850 41/379/849 29/401/881
f 404/402/862 350/326/746 405/390/855
f 405/390/855 350/326/746 400/308/853
f 326/288/833 408/394/867 355/258/866
f 75/312/823 365/333/882 418/403/883
f 425/396/869 388/375/841 426/404/884
f 42/387/885 345/323/886 384/5/887
s 0
f 420/405/888 41/379/888 421/406/888
s 1
f 404/402/889 405/390/890 428/407/891
f 71/20/892 56/13/893 411/371/894
f 67/18/760 396/356/759 44/362/895
f 417/381/829 393/345/734 431/408/896
f 384/5/794 403/368/793 433/6/897
f 29/401/898 41/379/849 420/405/899
f 380/280/712 410/397/870 386/373/900
f 410/397/901 363/337/765 364/332/699
f 35/409/857 374/410/777 429/411/902
s 0
f 381/304/903 369/319/903 378/344/903
s 1
f 357/321/672 419/395/868 423/412/904
f 359/329/905 330/307/906 370/346/736
f 403/368/907 345/323/908 366/324/909
f 385/370/798 360/336/726 40/389/910
s 0
f 442/393/911 44/362/911 479/413/911
s 1
f 396/356/912 375/19/913 454/414/914
f 431/408/896 393/345/734 466/415/915
f 365/333/916 358/341/917 418/403/918
f 358/341/917 398/353/877 418/403/918
f 424/416/919 382/366/920 359/329/905
f 359/329/905 370/346/736 425/396/869
f 425/396/869 426/404/884 34/417/921
f 426/404/922 388/375/923 412/367/924
f 413/386/925 371/335/770 334/290/831
f 71/20/892 411/371/894 395/17/926
f 375/19/913 390/342/858 454/414/914
f 43/348/927 378/344/928 392/378/929
f 39/365/820 372/352/751 477/418/930
f 467/419/931 38/400/880 424/420/932
f 394/360/844 413/386/843 444/385/933
f 41/379/934 349/279/796 385/370/798
f 364/332/699 387/374/808 410/397/901
s 0
f 440/421/935 436/422/935 404/402/935
f 436/422/935 435/423/935 404/402/935
f 435/424/936 434/425/936 404/380/936
s 1
f 396/356/759 458/426/937 44/362/895
s 0
f 449/427/938 406/392/938 401/357/938
s 1
f 381/304/939 378/344/928 43/348/927
f 397/382/940 39/365/820 32/428/941
f 477/418/930 372/352/751 446/372/804
f 438/429/942 398/353/877 402/383/838
f 422/384/839 357/321/672 451/430/943
f 424/416/919 38/431/944 382/366/920
f 440/421/945 404/402/945 441/432/945
s 0
f 441/432/946 404/402/946 428/407/946
s 1
f 374/361/947 442/393/948 429/433/949
f 393/345/821 75/311/823 466/415/950
f 466/434/950 75/312/823 418/403/883
f 418/403/918 398/353/877 438/429/942
f 357/321/672 423/412/904 451/430/943
f 334/290/831 42/387/847 413/386/925
f 432/435/951 42/387/885 384/5/887
f 387/374/952 47/376/953 36/377/954
s 0
f 404/380/955 440/436/955 414/359/955
s 1
f 440/436/956 441/437/956 414/359/956
s 0
f 441/437/957 428/438/957 414/359/957
s 1
f 454/414/914 390/342/858 406/392/860
f 415/363/875 407/364/958 443/439/959
f 467/419/931 424/420/932 464/440/960
f 412/367/924 444/385/961 447/441/962
f 41/379/934 385/370/963 421/406/964
f 36/377/954 445/442/965 387/374/952
s 0
f 36/377/966 414/359/966 448/443/966
s 1
f 401/357/872 459/398/871 480/444/967
f 422/384/839 451/430/943 472/445/968
f 413/386/925 42/387/847 432/435/969
f 410/397/970 387/374/971 439/446/972
s 0
f 445/442/973 36/377/973 448/443/973
s 1
f 411/447/974 405/390/890 338/309/975
f 43/348/927 392/378/929 471/448/976
f 437/449/977 392/378/818 460/450/978
f 32/428/941 39/365/820 477/418/930
f 462/451/979 446/372/980 417/381/981
f 466/434/982 418/403/883 456/452/983
f 30/453/984 432/435/951 384/5/887
s 0
f 386/373/985 410/397/985 439/446/985
s 1
f 439/446/986 387/374/952 445/442/965
s 0
f 338/350/987 395/17/987 411/371/987
s 1
f 417/381/988 431/408/989 450/454/990
f 419/395/991 389/354/878 467/419/931
f 389/354/878 38/400/880 467/419/931
f 384/5/887 484/4/992 30/453/984
f 403/368/907 366/324/909 409/388/993
f 421/406/964 385/370/963 33/455/994
f 429/433/949 442/393/948 498/456/995
f 406/392/860 449/427/996 454/414/914
f 454/414/914 449/427/996 485/457/997
f 449/427/998 401/357/999 480/444/967
f 460/450/978 392/378/818 415/363/875
f 443/439/1000 407/364/1001 408/394/1002
f 424/416/919 425/396/869 31/458/1003
f 34/417/1004 426/404/922 452/459/1005
f 33/455/994 385/370/963 468/460/1006
f 385/370/798 40/389/910 468/460/1007
f 428/407/891 405/390/890 411/447/974
s 0
f 469/461/1008 35/409/1008 453/462/1008
s 1
f 474/463/1009 429/411/1010 470/464/1011
f 392/378/929 437/449/1012 471/448/976
f 431/408/989 466/415/1013 450/454/990
s 0
f 463/465/1014 466/434/1014 456/452/1014
s 1
f 489/466/1015 402/383/838 422/384/839
f 423/412/1016 419/395/991 467/419/931
f 424/416/919 359/329/905 425/396/869
f 426/404/922 412/367/924 447/441/962
f 465/467/1017 445/442/1018 448/443/1019
f 448/443/1019 414/359/1020 465/467/1017
s 0
f 35/409/1021 469/461/1021 411/447/1021
s 1
f 35/409/857 429/411/902 473/468/1022
f 429/411/1010 474/463/1009 473/468/1023
s 0
f 474/463/1024 470/464/1024 475/469/1024
s 1
f 475/469/1025 470/464/1011 476/470/1026
f 470/464/1011 429/411/1010 476/470/1026
f 20/471/1027 429/433/949 498/456/995
f 403/368/907 409/388/993 433/6/1028
f 26/472/1029 421/406/964 33/455/994
f 414/359/1020 428/438/1030 465/467/1017
f 35/409/1031 473/468/1031 453/462/1031
s 0
f 473/468/1032 474/473/1032 453/462/1032
s 1
f 474/473/1033 475/469/1034 453/462/1035
f 453/462/1036 475/469/1037 476/470/1038
f 43/348/927 471/448/1039 455/399/1040
f 497/474/1041 417/381/988 450/454/990
f 456/452/1042 418/403/918 438/429/942
f 422/384/839 472/445/968 27/475/1043
f 467/419/931 464/440/960 482/476/1044
f 447/441/1045 444/385/1046 413/386/1047
f 479/413/1048 44/362/1049 458/426/1050
f 454/414/1051 485/457/1052 501/477/1053
f 415/363/875 443/439/959 460/450/978
f 489/466/1015 422/384/839 481/478/1054
f 424/416/1055 31/458/1056 478/479/1057
f 452/459/1005 426/404/922 447/441/962
f 486/480/1058 409/388/993 29/401/1059
s 0
f 498/456/1060 442/393/1060 479/413/1060
s 1
f 497/474/1061 462/451/979 417/381/981
f 487/481/1062 456/452/1042 438/429/942
s 0
f 425/396/1063 34/417/1063 483/482/1063
f 34/417/1064 452/459/1064 483/482/1064
s 1
f 452/459/1005 447/441/962 28/483/1065
f 493/484/1066 447/441/1045 413/386/1047
f 433/6/1028 409/388/993 486/480/1067
s 0
f 468/460/1068 40/389/1068 386/373/1068
s 1
f 437/449/1069 460/450/1070 491/485/1071
f 510/486/1072 443/439/1000 408/394/1002
f 487/481/1062 438/429/942 490/487/1073
f 490/487/1073 438/429/942 489/466/1015
f 438/429/942 402/383/838 489/466/1015
f 481/478/1054 422/384/839 27/475/1043
f 27/475/1074 451/430/1075 467/419/931
f 451/430/1075 423/412/1016 467/419/931
f 31/458/1056 24/488/1076 478/479/1057
f 28/483/1065 447/441/962 22/489/1077
f 396/356/1078 454/414/1051 501/477/1053
f 480/444/1079 459/398/1080 455/399/1081
f 408/394/1002 397/382/1082 488/490/1083
f 497/474/1041 450/454/990 25/491/1084
s 0
f 27/475/1085 472/445/1085 451/430/1085
s 1
f 24/488/1086 31/458/1003 425/396/869
f 483/482/1087 452/459/1005 28/483/1065
f 433/6/1028 486/480/1088 484/4/1089
f 460/450/978 443/439/959 23/492/1090
f 397/382/1091 32/428/1092 488/490/1093
s 0
f 420/405/1094 421/406/1094 29/401/1094
s 1
f 26/472/1029 33/455/994 468/460/1006
f 429/411/1010 20/493/1095 476/470/1026
s 0
f 485/457/1096 449/427/1096 502/494/1096
s 1
f 510/486/1072 408/394/1002 488/490/1083
f 450/495/1097 466/434/1098 463/465/1099
f 450/495/1097 463/465/1099 19/496/1100
f 463/465/1099 456/452/1101 19/496/1100
f 425/396/869 483/482/1102 24/488/1086
f 500/497/1103 28/483/1065 22/489/1077
f 26/472/1104 494/498/1105 421/406/1106
f 439/446/1107 445/442/1108 465/467/1109
f 488/490/1083 496/499/1110 503/500/1111
f 477/418/1112 446/372/1113 492/501/1114
f 465/502/1115 428/407/891 411/447/974
f 485/457/1116 502/494/1117 501/477/1118
f 424/416/1055 478/479/1057 464/503/1119
f 22/489/1120 447/441/1045 493/484/1066
f 432/435/1121 30/453/1122 413/386/1123
f 465/502/1115 411/447/974 469/461/1124
f 471/448/1125 437/449/1126 491/485/1127
f 499/504/1128 491/485/1071 495/505/1129
f 460/450/1070 23/492/1130 495/505/1129
f 492/501/1114 32/428/1092 477/418/1112
f 421/406/1131 494/498/1105 29/401/1132
f 524/506/1133 396/356/1078 501/477/1053
f 491/485/1071 460/450/1070 495/505/1129
f 507/507/1134 467/419/931 482/476/1044
s 0
f 494/498/1135 486/480/1135 29/401/1135
s 1
f 458/426/1136 396/356/1078 524/506/1133
f 23/492/1137 443/439/1000 510/486/1072
f 492/501/1114 446/372/1113 504/508/1138
f 487/481/1139 490/487/1140 518/509/1141
s 0
f 481/478/1142 27/475/1142 489/466/1142
s 1
f 508/510/1143 413/386/1123 30/453/1122
f 510/486/1072 488/490/1083 503/500/1111
f 32/428/1092 492/501/1114 488/490/1093
f 504/508/1138 446/372/1113 462/451/1144
f 19/496/1145 456/452/1146 518/509/1141
f 490/487/1140 489/466/1147 518/509/1141
f 493/484/1148 413/386/1123 508/510/1143
f 30/453/1122 484/4/1149 508/510/1143
f 468/460/1150 386/373/1151 465/467/1152
s 0
f 386/373/1153 439/446/1153 465/467/1153
f 453/462/1154 476/470/1154 20/493/1154
s 1
f 513/511/1155 488/490/1093 492/501/1114
f 462/451/1144 497/474/1156 504/508/1138
f 450/495/1097 522/512/1157 25/513/1158
f 456/452/1146 487/481/1139 518/509/1141
f 505/514/1159 500/497/1103 22/489/1077
f 532/515/1160 506/516/1161 26/472/1162
f 502/494/1163 449/427/998 480/444/967
f 511/517/1164 26/472/1165 506/516/1166
f 523/518/1167 506/516/1161 532/515/1160
f 455/399/1168 471/448/1125 491/485/1127
f 21/519/1169 492/501/1114 504/508/1138
f 27/475/1074 467/419/931 507/507/1134
f 465/502/1115 469/461/1124 453/462/1170
s 0
f 512/520/1171 453/462/1171 20/493/1171
f 515/521/1172 20/471/1172 498/456/1172
s 1
f 495/505/1173 23/492/1174 509/522/1175
f 496/499/1176 488/490/1093 513/511/1155
f 513/511/1155 492/501/1114 21/519/1169
f 497/474/1177 25/491/1178 17/523/1179
f 12/524/1180 489/466/1181 27/475/1074
f 18/525/1182 27/475/1074 507/507/1134
f 26/472/1162 468/460/1150 453/526/1170
f 468/527/1150 465/502/1115 453/462/1170
f 517/528/1183 503/500/1184 496/499/1185
f 518/509/1141 489/466/1147 12/524/1186
f 526/529/1187 12/524/1180 27/475/1074
f 464/503/1119 478/479/1057 516/530/1188
f 505/514/1189 22/489/1120 493/484/1066
f 508/510/1143 484/4/1149 486/480/1190
s 0
f 524/506/1191 479/413/1191 458/426/1191
s 1
f 24/488/1192 483/482/1193 28/483/1194
f 26/472/1195 511/517/1164 494/498/1196
f 512/520/1197 20/493/1198 16/531/1199
f 499/504/1200 495/505/1173 509/522/1175
f 514/532/1201 486/480/1202 494/498/1196
f 26/472/1162 453/526/1170 532/515/1160
f 509/522/1175 23/492/1174 521/533/1203
f 522/512/1157 450/495/1097 525/534/1204
f 450/495/1097 19/496/1100 525/534/1204
f 19/496/1145 518/509/1141 525/534/1205
f 27/475/1074 18/525/1182 526/529/1187
f 519/535/1206 493/484/1148 508/510/1143
f 501/477/1118 502/494/1207 538/536/1208
f 499/504/1200 509/522/1175 527/537/1209
f 23/492/1174 510/486/1210 521/533/1203
f 510/486/1210 503/500/1184 517/528/1183
f 507/507/1211 482/476/1212 520/538/1213
f 5/539/1214 482/476/1212 464/440/1119
f 464/503/1119 516/530/1188 5/540/1214
f 511/517/1164 506/516/1166 523/518/1215
f 20/493/1198 515/541/1216 16/531/1199
f 515/521/1217 498/456/1218 479/413/1219
f 504/508/1220 497/474/1177 17/523/1179
f 505/514/1159 493/484/1148 519/535/1206
f 514/532/1201 494/498/1196 511/517/1164
f 480/444/1221 455/399/1081 11/542/1222
f 11/542/1223 455/399/1168 491/485/1127
f 520/538/1213 482/476/1212 5/539/1214
f 478/479/1224 24/488/1192 28/483/1194
f 511/517/1164 523/518/1215 531/543/1225
f 502/494/1163 480/444/967 4/544/1226
f 11/542/1223 491/485/1127 499/504/1227
f 517/528/1183 521/533/1203 510/486/1210
f 25/491/1178 8/545/1228 17/523/1179
f 525/534/1205 518/509/1141 13/546/1229
f 538/536/1230 502/494/1163 4/544/1231
f 8/545/1228 504/508/1220 17/523/1179
f 13/546/1229 518/509/1141 12/524/1186
f 18/525/1182 528/547/1232 526/529/1187
f 536/548/1233 478/479/1224 28/483/1194
f 531/543/1225 523/518/1215 15/549/1234
s 0
f 524/506/1235 501/477/1235 538/536/1235
s 1
f 21/519/1236 504/508/1220 10/550/1237
s 0
f 480/444/1238 11/542/1238 4/544/1238
s 1
f 25/513/1239 522/512/1240 8/551/1241
f 522/512/1240 529/552/1242 8/551/1241
f 529/552/1242 522/512/1240 525/534/1243
f 18/525/1244 507/507/1211 520/538/1213
f 508/510/1143 486/480/1190 514/532/1245
f 15/549/1234 530/553/1246 531/543/1225
f 515/521/1217 479/413/1219 524/506/1247
f 535/554/1248 499/504/1249 527/537/1250
f 14/555/1251 517/528/1183 496/499/1185
f 496/499/1252 513/511/1252 21/519/1252
f 28/483/1194 500/497/1253 536/548/1233
f 532/556/1160 453/462/1170 512/520/1254
f 527/537/1255 509/522/1175 521/533/1203
f 504/508/1220 8/545/1228 10/550/1237
f 500/497/1103 505/514/1159 519/535/1206
f 511/517/1164 531/543/1225 534/557/1256
f 533/558/1257 517/528/1183 14/555/1251
f 18/525/1244 520/538/1213 537/559/1258
f 516/530/1259 478/479/1224 536/548/1233
f 514/532/1201 511/517/1164 534/557/1256
f 15/560/1260 532/556/1160 512/520/1261
f 11/542/1262 499/504/1249 535/554/1248
f 9/561/1263 527/537/1250 541/562/1264
f 15/549/1260 523/518/1167 532/515/1160
f 5/540/1265 516/530/1259 536/548/1233
f 514/532/1245 534/557/1266 508/510/1143
s 0
f 524/506/1267 538/536/1267 515/521/1267
s 1
f 14/555/1268 496/499/1269 21/519/1270
f 527/537/1250 9/561/1263 535/554/1248
f 521/533/1203 517/528/1183 533/558/1257
f 10/550/1237 8/545/1228 391/563/1271
f 52/564/1272 525/534/1273 13/546/1274
f 520/538/1213 5/539/1214 537/559/1258
f 536/548/1233 500/497/1253 519/535/1275
f 539/565/1276 519/535/1206 508/510/1143
f 15/560/1260 512/520/1261 430/566/1277
f 512/520/1261 16/531/1278 430/566/1277
f 529/552/1242 308/567/1279 8/551/1241
f 12/524/1280 526/529/1281 383/568/1282
f 535/554/1248 9/561/1263 6/569/1283
f 14/555/1268 21/519/1270 416/570/1284
f 21/519/1270 10/550/1285 416/570/1284
f 7/571/1286 12/524/1280 383/568/1282
f 416/570/1284 10/550/1285 391/563/1287
f 526/529/1281 528/547/1288 383/568/1282
f 528/547/1288 18/525/1244 383/568/1282
f 383/568/1282 18/525/1244 537/559/1258
f 508/510/1143 534/557/1266 542/572/1289
f 530/573/1290 15/560/1260 430/566/1277
f 4/544/1291 11/542/1262 535/554/1248
f 6/569/1292 9/561/1293 544/574/1294
f 9/561/1293 541/562/1295 544/574/1294
f 527/537/1250 521/533/1296 541/562/1264
f 533/558/1297 14/555/1268 416/570/1284
f 539/565/1276 508/510/1143 542/572/1289
f 457/575/1298 6/569/1292 540/576/1299
f 308/567/1300 529/552/1301 525/534/1273
f 3/577/1302 537/559/1258 5/539/1214
f 13/546/1274 12/524/1303 7/571/1304
f 346/578/1305 539/565/1276 542/572/1289
f 540/576/1299 6/569/1292 544/574/1294
f 536/548/1233 519/535/1275 539/565/1306
f 542/572/1289 534/557/1266 531/543/1307
f 430/566/1277 16/531/1278 515/541/1308
f 4/544/1231 430/579/1309 538/536/1230
f 308/567/1300 525/534/1273 52/564/1272
f 5/540/1265 536/548/1233 3/580/1310
f 3/580/1310 536/548/1233 219/581/1311
f 540/576/1299 278/582/1312 340/583/1313
f 232/584/1314 543/585/1315 533/558/1316
f 391/563/1271 8/545/1228 224/586/1317
f 224/586/1317 8/545/1228 308/587/1318
f 13/546/1274 7/571/1304 189/2/1319
f 538/536/1230 430/579/1277 515/521/1308
f 457/575/1298 540/576/1299 340/583/1313
f 544/574/1320 541/562/1264 172/588/1321
f 172/588/1321 541/562/1264 521/533/1296
f 521/533/1296 533/558/1316 543/585/1315
f 7/571/1286 383/568/1282 189/2/1322
f 531/543/1307 530/553/1323 461/589/1324
f 353/590/1325 13/546/1274 2/591/1326
f 6/569/1283 457/575/1327 535/554/1248
f 537/559/1258 3/577/1302 105/592/1328
f 536/548/1233 539/565/1306 346/578/1329
f 52/564/1272 13/546/1274 353/590/1325
f 2/591/1326 13/546/1274 189/2/1319
f 219/581/1311 536/548/1233 346/578/1329
f 281/593/1330 542/572/1289 273/594/1331
f 542/572/1289 531/543/1307 273/594/1331
f 530/553/1323 430/595/1332 342/596/1333
f 342/597/1334 457/575/1298 340/583/1313
f 540/576/1335 544/574/1320 427/598/1336
f 543/585/1315 232/584/1314 268/599/1337
f 533/558/1338 416/570/1339 232/584/1340
f 461/589/1324 530/553/1323 342/596/1333
f 4/544/1291 535/554/1248 342/597/1333
s 0
f 540/576/1341 427/598/1341 278/582/1341
s 1
f 427/598/1336 544/574/1320 172/588/1321
f 416/570/1339 391/563/1342 232/584/1340
f 383/568/1343 537/559/1258 105/592/1328
f 531/543/1307 461/589/1324 273/594/1331
f 430/579/1332 4/544/1291 342/597/1333
f 535/554/1248 457/575/1327 342/597/1333
f 278/582/1344 164/600/1345 340/583/1346
f 172/588/1321 521/533/1296 268/599/1347
f 521/533/1296 543/585/1315 268/599/1347
f 542/572/1348 281/593/1349 243/601/1350
f 383/568/1343 105/592/1328 189/2/2
f 461/589/1324 342/596/1333 273/594/1331
f 342/597/1351 340/583/1346 164/600/1345
f 219/581/1311 346/578/1329 542/572/1352
f 3/580/1310 219/581/1311 105/602/1353
f 135/603/1354 281/593/1330 273/594/1331
f 232/584/1340 391/563/1342 224/586/1355
f 52/564/1356 353/590/1357 78/604/1358
f 353/590/1357 2/591/1359 92/1/1
f 243/601/1350 281/593/1349 135/603/1360
f 308/567/1318 52/564/1356 78/604/1358
f 164/600/1345 278/582/1344 427/598/1361
s 0
f 268/599/1362 232/584/1362 73/605/1362
s 1
f 224/586/1317 308/587/1318 78/606/1358
f 219/581/1311 542/572/1352 51/607/1363
f 51/607/1363 542/572/1352 243/601/1364
f 2/591/1359 189/2/2 92/1/1
f 37/608/1365 342/597/1333 164/600/1366
f 105/602/1367 219/581/1311 72/609/1368
f 69/610/1369 273/594/1331 342/596/1333
f 164/600/1370 427/598/1371 172/588/1372
f 342/596/1333 37/611/1365 69/610/1369
f 172/588/1321 37/608/1365 164/600/1366
f 135/603/1354 273/594/1331 69/610/1369
f 73/605/1373 232/584/1340 57/612/1374
f 57/612/1374 232/584/1340 224/586/1355
s 0
f 53/3/1375 105/592/1375 72/613/1375
s 1
f 53/614/1376 219/581/1311 51/607/1363
f 353/590/1357 77/615/1377 78/604/1358
f 189/2/2 105/592/1328 53/3/3
f 72/609/1368 219/581/1311 53/614/1378
f 353/590/1357 92/1/1 77/615/1377
f 243/601/1364 135/603/1379 51/607/1363
f 57/612/1374 224/586/1355 78/606/1380
f 37/608/1365 172/588/1321 268/599/1347
f 135/603/1379 69/610/1381 51/607/1363
f 1/616/1382 73/605/1383 57/612/1374
f 78/604/1380 77/615/1384 1/617/1382
f 1/616/1382 37/608/1365 268/599/1347
f 77/615/1384 92/1/1385 53/3/1376
f 51/607/1363 69/610/1381 37/611/1365
f 268/599/1347 73/605/1386 1/616/1382
f 57/612/1374 78/606/1380 1/616/1382
f 1/618/1382 51/607/1363 37/611/1365
f 53/614/1376 51/607/1363 1/618/1382
f 53/3/1376 1/617/1382 77/615/1384
